budget,popularity,runtime,size_of_cast,number_of_spoken_languages,num_production_companies,genre_Count,release_year
14000000,6.575393,93.0,24.0,1.0,3.0,1,2015
40000000,8.248895,113.0,20.0,1.0,1.0,4,2004
3300000,64.29999,105.0,51.0,1.0,3.0,1,2014
1200000,3.174936,122.0,7.0,2.0,3.0,2,2012
8000000,0.743274,83.0,14.0,1.0,2.0,2,1987
14000000,7.286477,92.0,20.0,1.0,1.0,2,2012
6000000,4.672036,91.0,59.0,2.0,4.0,2,2003
1000000,14.774066,119.0,23.0,2.0,7.0,4,1976
15000000,20.726578,122.0,24.0,2.0,3.0,2,1999
53000000,13.314233,118.0,23.0,2.0,4.0,2,2005
102000000,20.666063,145.0,10.0,3.0,7.0,3,2002
500000,1.018477,97.0,20.0,1.0,4.0,3,2010
26000000,6.336927,85.0,16.0,1.0,2.0,2,2005
8000000,6.496259,96.0,24.0,1.0,3.0,3,2011
32000000,11.359659,87.0,33.0,2.0,4.0,1,2005
80000000,12.000579,130.0,11.0,1.0,1.0,4,1998
4000000,7.99229,95.0,32.0,2.0,8.0,2,1982
10000000,4.305735,110.0,14.0,3.0,2.0,2,1997
11000000,10.841891,93.0,32.0,1.0,2.0,2,2013
6000000,6.759181,84.0,11.0,2.0,2.0,1,1986
45000000,7.81862,89.0,32.0,1.0,3.0,1,2002
13000000,16.086919,112.0,10.0,1.0,3.0,2,2011
90000000,13.412445,106.0,42.0,1.0,2.0,4,2015
140000000,9.718111,91.0,17.0,1.0,1.0,4,2007
30000000,8.234382,94.0,9.0,1.0,3.0,3,2012
50000000,13.676444,127.0,30.0,1.0,4.0,1,1995
3800000,3.055936,123.0,7.0,2.0,1.0,3,1965
3000000,9.718713,126.0,15.0,2.0,1.0,1,1967
25000000,2.971999,108.0,16.0,1.0,3.0,2,2000
6000000,9.383088,92.0,14.0,2.0,2.0,2,2014
15000000,5.615303,88.0,9.0,1.0,1.0,1,2005
3906840,2.382068,95.0,16.0,1.0,2.0,2,2009
80000000,16.646029,91.0,56.0,1.0,1.0,2,2006
44000000,20.328822,167.0,56.0,2.0,1.0,4,2015
38000000,8.105708,118.0,15.0,1.0,2.0,2,1994
560000,1.572904,102.0,16.0,1.0,1.0,2,2008
12000000,4.473327,160.0,16.0,1.0,1.0,2,1965
20000000,8.759801,107.0,31.0,3.0,5.0,2,2016
125000000,17.038824,125.0,20.0,1.0,6.0,4,1997
14000000,3.909079,95.0,6.0,1.0,2.0,2,2002
150000000,23.065078,144.0,21.0,2.0,2.0,6,2006
4000000,1.801071,105.0,19.0,1.0,1.0,1,1956
5000000,7.743144,100.0,41.0,1.0,3.0,2,1989
12000000,11.160699,115.0,36.0,3.0,3.0,2,2013
1500000,8.822276,92.0,29.0,2.0,3.0,4,1988
12000000,5.145185,108.0,71.0,2.0,5.0,3,2010
2000000,14.284787,129.0,8.0,2.0,1.0,4,1962
85000000,2.238808,104.0,11.0,2.0,1.0,3,2006
29000000,12.092096,103.0,14.0,1.0,4.0,5,2005
11000000,8.290384,85.0,14.0,1.0,5.0,1,1990
445000,2.482536,84.0,55.0,4.0,3.0,4,1976
17000000,9.665251,106.0,6.0,1.0,2.0,3,2011
500000,0.660663,157.0,18.0,1.0,1.0,3,2000
6000000,10.451986,98.0,10.0,1.0,7.0,4,1980
1500000,6.636625,102.0,26.0,1.0,8.0,5,2016
15000000,4.98408,118.0,13.0,1.0,2.0,3,2002
10284523,4.349046,104.0,26.0,1.0,3.0,3,2005
43000000,10.947957,104.0,11.0,1.0,1.0,2,2005
28000000,7.482865,116.0,15.0,3.0,1.0,3,1984
2000000,10.239941,85.0,16.0,3.0,1.0,4,2011
50000000,7.260574,109.0,11.0,1.0,1.0,4,1995
8000000,9.741644,105.0,51.0,1.0,1.0,5,1979
7500000,12.314278,91.0,15.0,2.0,2.0,3,1995
20000000,13.655178,126.0,23.0,3.0,3.0,3,2017
30000000,25.261865,111.0,16.0,1.0,2.0,4,2003
35000000,1.690768,135.0,18.0,1.0,2.0,1,1995
15000000,18.184056,147.0,22.0,2.0,3.0,2,2001
2500000,2.942355,98.0,30.0,1.0,3.0,2,2011
10500000,11.003515,90.0,36.0,1.0,1.0,1,2012
6000000,5.529808,120.0,31.0,3.0,6.0,4,1988
7000000,7.958502,91.0,13.0,1.0,2.0,3,1990
60000000,11.93646,135.0,15.0,1.0,1.0,2,2001
10900000,13.454169,105.0,9.0,1.0,9.0,3,2013
31000000,6.523155,105.0,19.0,1.0,4.0,1,2010
72000000,20.755149,177.0,12.0,1.0,5.0,4,1995
14000000,3.873796,97.0,8.0,1.0,3.0,1,1999
15000000,3.210693,189.0,15.0,1.0,4.0,4,1966
75000000,13.136791,123.0,16.0,1.0,1.0,2,2001
35000000,5.093704,111.0,15.0,1.0,2.0,2,2004
100000000,11.696923,122.0,6.0,1.0,1.0,2,2015
20000000,4.619593,106.0,13.0,4.0,1.0,2,1988
93000000,32.070725,178.0,15.0,2.0,5.0,2,2001
25000000,5.00725,86.0,20.0,1.0,3.0,4,2002
12716953,6.183021,113.0,15.0,1.0,2.0,1,1997
90000000,8.345985,90.0,15.0,1.0,9.0,1,2001
150000000,12.453452,88.0,30.0,1.0,4.0,3,1999
1500000,1.961208,94.0,12.0,1.0,4.0,3,1990
25000000,8.369176,115.0,23.0,1.0,1.0,4,2000
7500000,16.376657,95.0,24.0,2.0,1.0,3,2009
40000000,14.622493,125.0,18.0,1.0,5.0,3,2008
10000000,7.886926,111.0,24.0,3.0,4.0,4,2000
18000000,9.929809,100.0,15.0,1.0,1.0,2,2005
2400000,5.230661,120.0,12.0,1.0,1.0,1,1996
4000000,10.130541,90.0,11.0,1.0,1.0,2,2013
6000000,8.278079,93.0,32.0,1.0,3.0,2,2011
65000000,11.73956,95.0,30.0,1.0,4.0,3,2010
10000000,11.840495,100.0,12.0,1.0,1.0,2,2007
2000000,1.372493,90.0,8.0,2.0,1.0,1,2006
9000000,8.888278,79.0,47.0,1.0,2.0,3,1994
110000000,0.913096,133.0,45.0,1.0,2.0,3,2003
14320000,0.585397,176.0,21.0,1.0,3.0,5,1968
3500000,5.353826,108.0,21.0,1.0,2.0,3,2016
18000000,6.675032,98.0,6.0,1.0,1.0,3,2008
4000000,6.216637,108.0,23.0,1.0,5.0,3,1967
39200000,14.131906,126.0,21.0,2.0,2.0,2,2013
25000000,5.405958,113.0,20.0,1.0,1.0,1,2012
4000000,10.200398,91.0,16.0,3.0,1.0,2,2015
20000000,8.759774,72.0,5.0,4.0,5.0,3,2002
3500000,0.768181,126.0,5.0,1.0,3.0,3,2005
63600000,6.047757,102.0,51.0,1.0,5.0,4,2000
32000000,7.54701,107.0,29.0,1.0,1.0,2,1995
3500000,4.456904,98.0,44.0,3.0,1.0,2,2006
125000,10.850569,90.0,26.0,6.0,7.0,3,2011
9000000,5.997054,93.0,9.0,1.0,2.0,2,1998
40000000,9.825841,99.0,34.0,4.0,6.0,4,2007
19000000,10.966015,122.0,15.0,1.0,1.0,4,2005
5000000,6.501177,113.0,12.0,1.0,2.0,3,1975
2000000,11.189831,95.0,11.0,1.0,3.0,3,1981
3500000,8.55931,121.0,53.0,2.0,5.0,3,1966
11000000,8.929393,98.0,18.0,4.0,2.0,1,1991
12468389,6.116093,97.0,53.0,1.0,5.0,1,2011
38000000,1.406181,106.0,31.0,2.0,4.0,2,2001
90000000,5.496624,91.0,10.0,1.0,3.0,2,2000
15000000,14.778884,93.0,36.0,1.0,6.0,2,1982
32000000,11.137888,133.0,14.0,1.0,1.0,5,1989
30000000,5.844016,130.0,23.0,1.0,6.0,1,2008
6000000,9.534232,141.0,25.0,2.0,4.0,2,2010
82500000,9.796552,107.0,20.0,1.0,3.0,3,2006
14000000,1.36737,93.0,19.0,1.0,2.0,2,1997
5000000,3.172765,95.0,24.0,1.0,2.0,1,2006
259000,0.722511,65.0,23.0,1.0,3.0,2,1928
180000000,16.088366,98.0,18.0,1.0,1.0,2,2008
4000000,5.263187,86.0,6.0,1.0,3.0,3,1996
40000000,7.271503,110.0,62.0,3.0,4.0,4,2012
4500000,3.311392,97.0,8.0,1.0,2.0,3,2009
7000000,0.861473,87.0,28.0,2.0,7.0,3,1988
60000000,12.915358,108.0,10.0,1.0,5.0,4,2006
24000000,3.69298,107.0,46.0,1.0,3.0,2,2000
12600000,11.695036,106.0,8.0,1.0,1.0,2,2014
85000000,10.254314,97.0,16.0,1.0,2.0,4,2006
10000000,11.509677,100.0,29.0,1.0,3.0,3,1988
55000000,7.713231,91.0,36.0,1.0,2.0,3,2013
75000000,14.302911,87.0,79.0,3.0,3.0,2,2007
3200000,6.174699,94.0,51.0,1.0,3.0,3,1985
2000000,5.396271,97.0,23.0,2.0,6.0,1,2015
15000000,7.024227,92.0,7.0,2.0,2.0,1,1995
100000000,8.140709,136.0,15.0,1.0,2.0,2,2004
22000000,7.145784,105.0,18.0,1.0,1.0,2,1997
7000000,19.726114,124.0,30.0,4.0,3.0,3,1975
6700000,1.312833,143.0,29.0,2.0,3.0,2,2012
20000000,13.132127,105.0,11.0,1.0,1.0,2,2012
35000000,7.321172,111.0,34.0,2.0,3.0,1,2013
35000000,6.493765,90.0,19.0,1.0,3.0,3,2014
10000000,11.341505,106.0,23.0,2.0,1.0,2,1981
2600000,2.203949,105.0,41.0,1.0,2.0,4,2004
12000000,7.216103,132.0,74.0,1.0,3.0,3,2009
5000000,1.608163,98.0,24.0,1.0,7.0,4,2010
49000000,16.628427,127.0,11.0,3.0,1.0,3,1992
50000000,7.668829,105.0,19.0,2.0,9.0,4,2011
7500000,8.593196,100.0,14.0,1.0,2.0,4,2009
6244087,11.722424,145.0,6.0,1.0,1.0,3,1969
14000000,1.596058,139.0,16.0,1.0,3.0,3,1995
110000000,7.825072,120.0,24.0,1.0,1.0,1,2004
800000,0.941994,114.0,18.0,2.0,6.0,4,1993
30000000,21.791111,140.0,18.0,3.0,1.0,3,2016
15000000,3.450402,87.0,14.0,2.0,1.0,1,1996
22000000,11.945397,127.0,17.0,2.0,3.0,1,1990
20000000,5.270187,118.0,10.0,1.0,2.0,2,2002
70000000,6.660309,88.0,29.0,1.0,6.0,3,2013
19000000,9.106146,109.0,18.0,1.0,6.0,2,2008
23000000,14.13488,101.0,24.0,2.0,3.0,3,1994
18339750,7.69224,156.0,9.0,1.0,1.0,2,2004
102000000,9.646208,99.0,17.0,2.0,6.0,2,2001
7920000,11.162277,140.0,16.0,3.0,10.0,5,1978
12560000,4.052991,105.0,28.0,1.0,2.0,3,2001
98000000,7.284477,119.0,19.0,1.0,4.0,3,1995
8500000,6.57613,104.0,18.0,1.0,6.0,2,2004
9500000,5.847166,88.0,14.0,3.0,16.0,2,2013
55000000,10.758754,121.0,56.0,4.0,5.0,2,2015
1000000,1.157582,89.0,10.0,1.0,3.0,1,1956
50000000,11.511424,99.0,17.0,1.0,2.0,3,2006
10000000,2.849779,99.0,17.0,1.0,2.0,1,1987
15000000,10.271871,135.0,44.0,4.0,2.0,3,2002
15000000,15.423538,148.0,15.0,1.0,2.0,3,2007
40000000,8.778999,93.0,15.0,3.0,5.0,3,2006
21000000,8.425361,99.0,73.0,1.0,3.0,1,2011
72500000,6.936688,116.0,8.0,3.0,2.0,2,2006
12000000,5.845712,94.0,6.0,1.0,2.0,2,1990
50000000,12.285545,87.0,20.0,1.0,6.0,4,2010
65000000,10.237996,119.0,26.0,1.0,3.0,1,1998
2915739,0.558002,132.0,5.0,1.0,1.0,3,2009
70000000,18.324219,98.0,20.0,1.0,2.0,2,1998
65000000,13.455112,120.0,15.0,2.0,1.0,6,2004
30000000,14.811958,95.0,20.0,2.0,3.0,2,2012
12000000,1.575026,100.0,10.0,4.0,3.0,2,1998
19000000,4.249948,130.0,11.0,1.0,3.0,3,2008
7000000,7.45279,109.0,15.0,2.0,2.0,3,2012
25000000,3.596317,95.0,22.0,1.0,4.0,1,1996
9000000,28.920839,117.0,22.0,4.0,1.0,3,2016
24000000,11.269558,110.0,12.0,1.0,5.0,2,2003
28000000,13.856199,87.0,21.0,2.0,2.0,1,1994
6000000,8.990345,117.0,22.0,1.0,3.0,2,1994
16000000,12.153493,99.0,15.0,2.0,1.0,1,2007
65000000,10.543955,137.0,16.0,1.0,4.0,4,2014
160000000,26.628178,137.0,5.0,1.0,3.0,2,2015
60000000,4.924078,104.0,9.0,1.0,1.0,2,2002
25000000,8.364587,101.0,29.0,2.0,4.0,2,2003
3000000,1.739182,89.0,11.0,1.0,1.0,3,1991
9000000,1.80809,94.0,8.0,1.0,3.0,2,1991
11000000,15.750026,96.0,6.0,1.0,2.0,2,1990
225000,1.533379,87.0,9.0,2.0,1.0,3,1933
100000000,14.922399,167.0,22.0,1.0,4.0,3,2002
100000000,12.36223,101.0,14.0,2.0,4.0,4,2009
108000000,19.94393,129.0,60.0,1.0,1.0,4,2016
30000000,4.902869,104.0,17.0,3.0,2.0,3,2004
26000000,7.867999,97.0,16.0,2.0,2.0,2,2003
15000000,10.445867,96.0,28.0,1.0,3.0,1,2009
9500000,8.59498,168.0,42.0,1.0,6.0,2,2012
16000000,1.758079,97.0,27.0,3.0,2.0,2,2004
175000000,19.148182,109.0,18.0,1.0,2.0,4,2017
55000000,11.672394,141.0,38.0,2.0,3.0,2,2008
60000000,10.271517,88.0,20.0,2.0,16.0,4,2012
115000000,15.232738,109.0,11.0,6.0,5.0,2,2013
20000000,9.570657,126.0,15.0,1.0,3.0,3,2006
12000000,10.312017,113.0,25.0,2.0,1.0,2,1985
85000000,14.170183,106.0,38.0,1.0,4.0,3,2012
135000000,23.501228,156.0,16.0,1.0,2.0,3,2015
90000000,9.112008,100.0,15.0,1.0,3.0,2,1999
12000000,7.569698,83.0,108.0,1.0,2.0,3,1987
71000000,9.439079,85.0,4.0,1.0,2.0,3,1998
26000000,10.177303,102.0,15.0,1.0,1.0,1,1996
40000000,8.062578,108.0,22.0,1.0,3.0,1,2011
15000000,4.582024,117.0,23.0,1.0,9.0,1,2010
100000000,15.088318,108.0,2.0,2.0,3.0,0,2006
23000000,10.861339,139.0,15.0,2.0,1.0,3,2009
5000000,6.226054,97.0,9.0,2.0,3.0,4,2007
25000000,9.453942,124.0,29.0,1.0,3.0,2,2014
75000000,17.852022,115.0,10.0,2.0,3.0,4,2013
30000000,9.783762,118.0,17.0,1.0,1.0,3,2005
11000000,2.27258,124.0,17.0,1.0,2.0,1,1970
27000000,12.235391,115.0,21.0,1.0,2.0,2,1997
60000000,11.234862,105.0,5.0,1.0,1.0,3,2014
36000000,14.575883,97.0,8.0,1.0,6.0,4,2016
1000000,11.267366,117.0,10.0,1.0,4.0,4,1984
350000,2.96237,85.0,15.0,1.0,2.0,2,2004
110000000,13.1984,107.0,10.0,1.0,2.0,3,2016
7200000,12.00491,120.0,15.0,1.0,1.0,3,1971
7000000,2.483032,93.0,13.0,1.0,4.0,3,2001
20500000,8.333526,102.0,78.0,1.0,2.0,3,2008
130000000,8.946243,124.0,16.0,3.0,4.0,2,2005
45000000,21.605761,89.0,31.0,1.0,2.0,3,1994
75000000,7.970031,99.0,11.0,1.0,3.0,1,1998
65000000,12.738789,136.0,22.0,1.0,2.0,2,2009
2200000,1.132835,154.0,15.0,1.0,6.0,4,2010
3300000,4.445867,120.0,12.0,1.0,1.0,3,2015
15400000,8.400049,123.0,13.0,1.0,1.0,2,2012
90000000,11.3569,157.0,45.0,4.0,1.0,2,1999
12000000,7.88371,99.0,28.0,1.0,3.0,1,2014
3300000,5.840554,83.0,40.0,1.0,2.0,2,2015
13100000,1.417392,140.0,16.0,1.0,6.0,3,2011
40000000,11.185625,106.0,19.0,1.0,3.0,2,2001
4500000,6.583161,97.0,34.0,4.0,4.0,3,1985
500000,2.884359,97.0,22.0,1.0,3.0,5,1977
16000000,6.918821,112.0,24.0,1.0,1.0,1,1981
30000000,5.154373,79.0,8.0,1.0,1.0,2,1998
14000000,7.495853,115.0,12.0,3.0,4.0,4,1990
35000000,11.836827,76.0,8.0,1.0,2.0,2,2005
100000000,12.477872,143.0,1.0,1.0,3.0,1,2006
74500000,5.300303,109.0,26.0,1.0,2.0,3,2004
8000000,5.137903,98.0,51.0,3.0,2.0,2,1993
55000000,10.571434,163.0,17.0,1.0,3.0,2,1999
25000000,10.19853,90.0,11.0,1.0,3.0,3,2007
36000000,2.151436,189.0,11.0,1.0,1.0,4,1991
20000000,4.850968,85.0,32.0,1.0,3.0,3,2011
75000000,9.409379,106.0,14.0,1.0,2.0,2,2003
6843500,3.800073,0.0,21.0,1.0,3.0,4,2012
7075038,10.181,140.0,15.0,1.0,5.0,2,2017
60000000,7.898202,89.0,45.0,1.0,8.0,3,1996
18000000,6.693055,95.0,11.0,1.0,3.0,2,1981
40000000,15.228794,112.0,9.0,3.0,1.0,2,1992
13000000,5.305311,95.0,55.0,1.0,4.0,2,1994
30000000,9.378926,98.0,27.0,2.0,3.0,1,2005
3000000,0.904409,155.0,24.0,3.0,3.0,5,2002
17000000,7.417157,100.0,22.0,2.0,2.0,3,1997
30000000,11.781895,102.0,27.0,1.0,2.0,1,1992
19000000,7.923639,125.0,20.0,1.0,4.0,4,1997
10000000,15.109261,90.0,9.0,1.0,5.0,1,1989
18500000,21.761179,137.0,21.0,1.0,2.0,3,1986
87000000,7.851669,141.0,35.0,1.0,2.0,1,2003
28000000,7.598422,115.0,18.0,1.0,9.0,2,2013
800000,0.170979,83.0,33.0,2.0,4.0,4,2006
65000000,7.446085,83.0,9.0,1.0,2.0,1,2012
60000000,14.039655,116.0,7.0,2.0,3.0,1,1999
2000000,14.379879,100.0,74.0,1.0,4.0,2,2003
3750000,0.597058,155.0,17.0,3.0,5.0,2,2010
30000000,11.43256,94.0,21.0,2.0,3.0,3,2011
19000000,6.701138,91.0,27.0,1.0,3.0,2,1986
2900000,10.92143,90.0,13.0,2.0,4.0,1,2009
26000000,7.254242,111.0,22.0,2.0,5.0,2,2012
9000000,1.139949,100.0,15.0,1.0,1.0,3,2007
6000000,5.414213,89.0,16.0,1.0,4.0,4,2007
810000,3.099222,106.0,11.0,1.0,2.0,4,1977
40000000,16.94556,130.0,49.0,1.0,1.0,3,2006
10000000,6.737797,116.0,11.0,1.0,3.0,1,2016
13000000,12.994939,113.0,21.0,3.0,4.0,5,2004
16000000,2.488424,113.0,8.0,2.0,3.0,3,2000
57000000,9.958406,123.0,13.0,1.0,5.0,2,2001
13000000,6.862146,104.0,11.0,1.0,1.0,2,2006
40000000,8.739991,88.0,34.0,1.0,2.0,1,2003
7000000,6.924072,108.0,8.0,1.0,1.0,4,1988
762241,4.860265,140.0,36.0,1.0,4.0,2,2016
110000000,12.904677,102.0,22.0,1.0,2.0,5,2014
10300000,6.165491,120.0,28.0,2.0,4.0,1,2016
14000000,8.226,97.0,20.0,4.0,3.0,6,2009
30000000,14.404764,89.0,13.0,1.0,1.0,4,1995
85000000,12.173291,124.0,19.0,1.0,5.0,4,1997
80000000,4.980191,110.0,17.0,1.0,6.0,4,2005
23000000,5.950792,111.0,13.0,2.0,3.0,3,2004
5000000,6.546551,93.0,27.0,1.0,4.0,6,1992
1288000,8.590813,130.0,32.0,1.0,1.0,3,1940
250000,0.003013,82.0,31.0,6.0,6.0,2,1992
18000000,6.344961,94.0,31.0,1.0,3.0,1,2016
7000000,6.950458,104.0,20.0,1.0,2.0,4,1995
22000000,9.627676,110.0,23.0,2.0,3.0,6,2007
90000000,14.374866,150.0,8.0,1.0,4.0,2,1997
3000000,2.428279,100.0,17.0,1.0,2.0,1,1990
17000000,11.673366,99.0,19.0,2.0,3.0,3,1982
16500000,6.463883,108.0,77.0,1.0,8.0,3,2007
16000000,12.260159,100.0,25.0,3.0,2.0,2,2013
2000000,0.079856,120.0,32.0,1.0,4.0,2,2003
35000000,23.947351,100.0,22.0,1.0,6.0,1,2009
19000000,8.560694,99.0,49.0,1.0,1.0,1,1991
15000000,1.652275,99.0,7.0,1.0,2.0,4,2001
25000000,4.037707,85.0,53.0,1.0,6.0,3,2010
18000000,2.471038,100.0,23.0,5.0,5.0,1,1992
3200000,5.510288,100.0,8.0,1.0,3.0,3,2016
20000000,6.679168,92.0,22.0,1.0,2.0,3,2006
10500000,1.970481,149.0,23.0,5.0,5.0,4,2009
48000000,4.556123,132.0,46.0,2.0,2.0,4,2001
13500000,3.531089,129.0,122.0,1.0,4.0,4,2015
25000000,5.481452,122.0,16.0,1.0,2.0,3,2010
60000000,7.685548,170.0,112.0,4.0,4.0,3,1998
4500000,1.833185,65.0,60.0,1.0,1.0,3,2006
9000000,27.756026,104.0,10.0,1.0,3.0,6,2014
250000,1.924535,85.0,16.0,1.0,1.0,2,1991
590235,8.888393,92.0,17.0,1.0,2.0,4,2009
35000000,5.80986,92.0,27.0,1.0,3.0,2,2007
12000000,8.435294,95.0,19.0,1.0,3.0,2,2012
2000000,2.300459,97.0,17.0,1.0,2.0,3,2009
25000000,10.323838,99.0,22.0,1.0,2.0,2,1997
2800000,12.560942,80.0,43.0,1.0,4.0,2,2017
15000000,18.451321,84.0,15.0,1.0,3.0,1,1992
80000000,11.760218,89.0,20.0,1.0,1.0,3,2015
57000000,11.82081,123.0,31.0,1.0,6.0,3,2005
25000000,4.558992,128.0,7.0,1.0,6.0,3,1995
10000000,5.3584,109.0,12.0,1.0,1.0,3,2011
25000000,10.510245,104.0,18.0,1.0,2.0,2,2008
60000000,8.462364,131.0,6.0,1.0,4.0,1,1998
6500000,9.312354,89.0,14.0,1.0,1.0,5,2014
910000,18.211093,108.0,37.0,2.0,5.0,4,1954
22000000,9.863789,100.0,18.0,1.0,3.0,5,2017
27000000,8.907074,99.0,12.0,1.0,2.0,5,1994
12000000,5.875606,99.0,18.0,1.0,1.0,3,1999
2000000,0.570021,156.0,8.0,1.0,2.0,3,2000
15000000,11.85302,123.0,41.0,1.0,2.0,4,2014
149000000,294.337037,141.0,8.0,1.0,2.0,4,2017
32000000,8.074218,137.0,76.0,1.0,1.0,3,2012
30000000,8.142166,108.0,15.0,1.0,3.0,1,2001
10000000,7.412826,105.0,52.0,1.0,3.0,3,2014
13000000,11.14704,220.0,20.0,3.0,4.0,3,1956
4000000,6.780752,99.0,55.0,1.0,1.0,5,2011
20000000,8.34835,109.0,23.0,1.0,8.0,1,2011
62000000,6.258666,87.0,29.0,2.0,1.0,3,2008
78146652,9.097953,125.0,23.0,1.0,4.0,3,2009
28000000,6.053567,103.0,30.0,3.0,6.0,3,2006
4100000,3.826281,135.0,19.0,3.0,5.0,2,1953
18000000,6.41742,107.0,20.0,1.0,1.0,2,1986
40000000,9.034929,107.0,25.0,1.0,5.0,3,2010
4000000,4.661689,105.0,42.0,1.0,5.0,5,2007
45000000,11.221186,160.0,45.0,1.0,2.0,2,2008
3000000,0.527297,113.0,20.0,1.0,3.0,1,2002
75000000,13.249824,136.0,34.0,1.0,4.0,2,1996
48000000,14.788987,127.0,22.0,1.0,7.0,5,1989
150000000,11.30428,111.0,38.0,1.0,3.0,3,2015
6900000,6.8652,102.0,54.0,1.0,2.0,1,1993
65000000,11.023042,100.0,8.0,1.0,3.0,3,1998
79000000,29.423537,179.0,39.0,2.0,3.0,5,2002
8000000,0.537378,149.0,4.0,1.0,3.0,3,1969
5800000,0.906143,95.0,45.0,2.0,5.0,1,2006
30000000,11.066473,125.0,18.0,3.0,7.0,3,2002
3500000,5.732016,93.0,63.0,1.0,4.0,2,1990
9000000,10.182974,99.0,22.0,2.0,3.0,2,2016
13000000,9.142772,81.0,55.0,1.0,3.0,4,2002
49000000,30.206365,120.0,6.0,1.0,3.0,2,2015
40000000,10.939066,98.0,67.0,3.0,4.0,1,2003
14500000,9.298092,108.0,8.0,3.0,3.0,3,2001
8500000,5.590678,96.0,15.0,3.0,2.0,1,2013
23000000,7.528276,106.0,10.0,1.0,3.0,4,2016
2700000,10.246132,118.0,72.0,1.0,1.0,1,1979
75000000,11.134888,99.0,19.0,1.0,5.0,2,2004
20000000,8.066726,100.0,22.0,1.0,5.0,3,2015
12000000,4.73816,167.0,9.0,1.0,4.0,3,1960
40000000,6.322435,91.0,18.0,1.0,11.0,1,2012
12000000,10.159713,100.0,16.0,1.0,2.0,3,2017
18000000,4.29831,118.0,17.0,1.0,5.0,1,1986
5000000,17.656951,113.0,27.0,2.0,4.0,3,2002
7000000,11.00913,89.0,22.0,1.0,1.0,4,2003
80000000,9.554067,117.0,8.0,1.0,3.0,1,2010
1000000,3.374229,97.0,17.0,1.0,2.0,4,2001
35000000,10.754139,123.0,15.0,1.0,3.0,3,2016
16000000,8.899418,96.0,5.0,1.0,1.0,3,1990
16000000,14.906621,114.0,23.0,1.0,2.0,3,2012
20000000,9.351557,135.0,10.0,2.0,3.0,2,2007
19000000,15.339153,108.0,14.0,3.0,6.0,3,1996
10400000,8.792104,161.0,18.0,1.0,3.0,1,2016
1500000,0.446454,162.0,5.0,1.0,3.0,3,2015
40000000,0.75571,107.0,10.0,1.0,2.0,3,2016
28000000,5.01752,134.0,113.0,3.0,6.0,3,1997
6000000,7.903956,109.0,60.0,1.0,3.0,4,2008
3000000,11.30324,108.0,13.0,1.0,1.0,2,2013
8000000,10.434018,120.0,26.0,3.0,1.0,1,1982
8000000,5.320117,102.0,38.0,4.0,1.0,3,2006
13000000,5.169999,110.0,96.0,2.0,4.0,3,2006
35000000,13.542675,112.0,8.0,1.0,1.0,1,2013
15000000,20.301019,110.0,16.0,1.0,2.0,2,1986
12000000,7.607052,100.0,16.0,4.0,8.0,1,2015
65000000,10.90061,132.0,7.0,1.0,2.0,2,2001
16000000,12.069966,97.0,6.0,1.0,1.0,2,1999
5500000,6.389326,109.0,13.0,1.0,1.0,2,1977
100000,5.113205,193.0,18.0,1.0,3.0,4,2015
700000,2.819298,77.0,11.0,1.0,4.0,1,2007
12000000,7.075534,82.0,14.0,1.0,4.0,1,1987
8575000,16.727405,145.0,12.0,3.0,2.0,3,2016
5000000,10.737565,101.0,68.0,1.0,5.0,3,2004
17000000,5.924226,95.0,35.0,1.0,8.0,1,2004
6000000,8.522673,158.0,31.0,1.0,1.0,4,1961
35000000,10.378902,94.0,15.0,1.0,3.0,3,1993
4500000,14.658885,90.0,20.0,1.0,2.0,3,1982
70000000,10.876463,105.0,14.0,1.0,11.0,2,1999
10000000,10.754997,109.0,11.0,1.0,7.0,3,2016
85000000,9.434006,130.0,16.0,1.0,6.0,3,1993
22000000,8.473369,84.0,13.0,1.0,1.0,2,2001
15000000,14.319743,212.0,16.0,2.0,5.0,3,1959
16000000,5.127876,142.0,14.0,2.0,4.0,2,2016
6000000,7.873407,116.0,16.0,4.0,7.0,1,2016
16000000,12.646518,126.0,15.0,1.0,2.0,4,2004
10000000,4.127728,125.0,24.0,2.0,1.0,3,1970
15000000,6.600651,110.0,22.0,2.0,6.0,2,1991
100000000,19.382082,106.0,38.0,3.0,2.0,2,2005
27000000,14.225919,102.0,16.0,1.0,2.0,3,1984
23000000,7.667579,98.0,17.0,2.0,2.0,1,2008
300000,1.023164,105.0,42.0,1.0,3.0,1,1981
50000000,5.716009,146.0,13.0,3.0,5.0,2,1999
50000000,10.337994,95.0,11.0,2.0,3.0,3,2014
39000000,7.830087,116.0,26.0,3.0,3.0,3,1988
13000000,2.326115,84.0,17.0,1.0,1.0,3,1998
5000000,9.649312,113.0,19.0,1.0,1.0,2,2010
50000000,5.768575,128.0,13.0,1.0,4.0,1,2005
9000000,14.304205,98.0,10.0,1.0,4.0,2,1968
30000000,11.766244,85.0,46.0,1.0,6.0,3,2005
16500000,10.673167,136.0,37.0,1.0,1.0,5,1995
5000000,5.839893,107.0,21.0,1.0,5.0,1,1983
2600000,8.623982,92.0,23.0,1.0,9.0,4,2007
25000000,7.438934,97.0,23.0,2.0,3.0,3,1994
11500000,6.514592,99.0,11.0,1.0,1.0,2,1994
13000000,8.378149,161.0,29.0,1.0,5.0,1,2009
7500000,19.561767,93.0,82.0,1.0,3.0,5,2012
54000000,20.214422,132.0,12.0,1.0,3.0,2,2006
5500000,4.711231,116.0,13.0,2.0,3.0,4,2012
15000000,14.511442,111.0,12.0,1.0,2.0,2,2009
250000000,20.644776,161.0,8.0,1.0,1.0,1,2013
6300000,4.38806,101.0,49.0,2.0,4.0,2,2012
2650000,4.471515,147.0,36.0,2.0,2.0,3,1962
6400000,1.82294,151.0,28.0,1.0,1.0,3,2010
6000000,7.510159,107.0,49.0,1.0,2.0,3,2014
4200000,8.233168,114.0,32.0,1.0,2.0,4,1984
135000000,13.89018,121.0,14.0,1.0,1.0,1,2005
10000000,5.024459,77.0,8.0,4.0,2.0,3,2002
28000000,13.570264,103.0,15.0,1.0,2.0,1,2013
25000000,3.643468,117.0,14.0,1.0,3.0,3,1998
2500000,5.490505,106.0,22.0,2.0,1.0,3,1955
125000000,15.049695,124.0,6.0,1.0,1.0,2,2004
25000000,11.109932,99.0,23.0,1.0,3.0,2,1986
26000000,13.003122,91.0,43.0,1.0,2.0,1,2009
160000000,287.253654,129.0,12.0,1.0,2.0,3,2017
1271000,7.441117,81.0,12.0,1.0,3.0,2,1955
40000000,16.453573,114.0,13.0,1.0,5.0,2,2016
113000000,13.165421,140.0,21.0,1.0,2.0,4,2005
35000000,5.370818,102.0,12.0,1.0,6.0,2,2003
30000000,8.587129,108.0,19.0,3.0,2.0,4,2002
5000000,13.524048,112.0,31.0,1.0,1.0,2,2014
12000000,17.788579,94.0,8.0,2.0,1.0,3,2013
6000000,11.732546,137.0,13.0,1.0,3.0,4,2015
40000000,9.420931,102.0,8.0,2.0,3.0,3,2016
25000000,7.409179,94.0,49.0,4.0,2.0,5,1986
5000000,15.021058,94.0,17.0,1.0,4.0,3,2015
11000000,18.344227,95.0,52.0,1.0,3.0,2,1999
2053648,2.691433,102.0,7.0,1.0,1.0,3,1999
85000000,11.057536,167.0,47.0,2.0,3.0,2,2006
1000000,17.911314,112.0,14.0,1.0,2.0,4,1954
1200000,2.017413,113.0,9.0,2.0,1.0,2,1978
90000000,14.753545,127.0,9.0,1.0,1.0,1,2014
3000000,6.409512,146.0,12.0,1.0,1.0,3,1960
40000000,13.876881,120.0,125.0,1.0,1.0,3,2006
80000000,14.987902,132.0,24.0,2.0,1.0,1,2005
9250000,2.132964,125.0,12.0,1.0,1.0,3,1979
22000000,6.303785,108.0,20.0,1.0,4.0,3,2010
27000000,1.408176,132.0,34.0,1.0,4.0,3,1992
800000,7.137026,94.0,15.0,1.0,4.0,2,2003
11000000,4.08938,100.0,18.0,1.0,2.0,3,1993
50000000,30.121292,130.0,15.0,1.0,3.0,2,2009
50000000,16.838145,114.0,4.0,4.0,3.0,3,2015
30000000,9.058516,129.0,65.0,1.0,2.0,1,2007
14000000,0.825638,112.0,14.0,1.0,2.0,1,1980
103000000,8.18534,102.0,25.0,1.0,1.0,3,2014
4000000,5.032469,108.0,10.0,1.0,5.0,2,1967
4000000,6.314697,121.0,38.0,3.0,4.0,4,2002
150000000,26.024868,108.0,18.0,2.0,1.0,3,2016
40000000,12.337898,89.0,14.0,1.0,1.0,5,1992
8250000,11.840985,171.0,24.0,3.0,4.0,5,1951
8000000,1.194377,91.0,21.0,1.0,2.0,1,1988
40000000,14.384554,134.0,47.0,1.0,4.0,3,2016
40000000,15.010525,124.0,26.0,1.0,3.0,5,2005
967686,11.934045,101.0,3.0,2.0,1.0,3,2010
35000000,10.794556,92.0,17.0,1.0,4.0,2,2010
12000000,15.297121,96.0,49.0,7.0,2.0,3,1982
14000000,11.090265,112.0,28.0,5.0,6.0,2,2007
6000000,9.023686,96.0,24.0,2.0,2.0,3,2015
25000000,7.257679,107.0,25.0,1.0,3.0,3,1999
30000000,6.734065,103.0,31.0,1.0,3.0,4,2005
50000000,9.91556,92.0,19.0,1.0,3.0,1,2008
4500000,11.578578,104.0,27.0,1.0,1.0,2,1980
6000000,10.505387,97.0,9.0,2.0,3.0,3,1999
80000000,7.210383,88.0,12.0,1.0,14.0,1,2008
23000000,9.604552,124.0,19.0,1.0,2.0,5,2007
6500000,9.369527,92.0,19.0,3.0,1.0,2,2005
15000000,7.844705,95.0,31.0,1.0,1.0,3,2014
2000000,9.02255,137.0,11.0,1.0,4.0,2,2006
200000000,26.114917,116.0,10.0,1.0,3.0,2,2013
105000000,7.291872,114.0,22.0,1.0,4.0,2,2015
40000000,6.159379,107.0,20.0,3.0,2.0,3,2012
20000000,16.205105,113.0,24.0,2.0,6.0,2,2007
16000000,2.549325,105.0,21.0,1.0,3.0,2,1988
50000000,10.223582,139.0,7.0,2.0,2.0,1,2016
9000000,2.089842,135.0,16.0,2.0,2.0,1,2009
130000000,9.566135,165.0,35.0,1.0,6.0,2,2008
150000000,15.884744,103.0,6.0,1.0,1.0,2,2016
22500000,18.908782,116.0,48.0,3.0,3.0,2,2016
5000000,8.645067,87.0,35.0,1.0,6.0,3,2017
13000000,4.654312,123.0,29.0,3.0,3.0,3,2016
40000000,13.689855,108.0,13.0,1.0,1.0,5,1989
2500000,2.296734,95.0,10.0,1.0,1.0,3,1993
19000000,8.385361,95.0,27.0,1.0,1.0,2,2004
1601792,2.329513,96.0,47.0,1.0,4.0,2,2005
94000000,6.587711,145.0,36.0,1.0,4.0,5,2011
1300000,5.184013,99.0,23.0,1.0,2.0,4,1971
40000000,17.496832,83.0,11.0,2.0,6.0,4,1989
13000000,10.890236,83.0,115.0,1.0,2.0,3,2000
40000000,2.947411,93.0,13.0,2.0,9.0,3,2002
25000000,14.141837,116.0,10.0,1.0,1.0,1,2010
13000000,24.515462,90.0,13.0,1.0,3.0,3,1991
110000000,16.747793,117.0,8.0,1.0,4.0,3,2010
5000000,8.585856,108.0,41.0,1.0,5.0,3,2015
3000000,12.822085,94.0,6.0,1.0,1.0,2,2016
7000000,3.18614,108.0,23.0,3.0,2.0,2,2010
15000000,11.179855,83.0,27.0,1.0,2.0,2,1973
20000000,10.605851,72.0,105.0,4.0,1.0,2,2003
14000000,11.535478,119.0,17.0,1.0,4.0,3,2012
3000000,7.351028,100.0,38.0,4.0,3.0,1,2001
75000000,18.311054,121.0,38.0,2.0,9.0,3,2016
42000000,9.874043,124.0,34.0,5.0,2.0,3,1999
33000000,11.840557,98.0,25.0,1.0,2.0,3,1998
15000000,3.94159,95.0,31.0,2.0,3.0,3,2006
50000000,12.229381,97.0,5.0,1.0,1.0,1,1996
32000000,11.119707,96.0,7.0,1.0,1.0,2,2005
12000000,9.592265,92.0,22.0,1.0,6.0,3,1996
100000,1.522753,90.0,24.0,1.0,2.0,3,1972
1000000,2.678923,107.0,13.0,2.0,2.0,2,2001
4000000,5.350658,99.0,6.0,1.0,1.0,3,2013
886000,6.507597,103.0,11.0,1.0,2.0,3,1936
50000000,9.082538,107.0,16.0,3.0,1.0,2,2004
110000000,8.555544,76.0,29.0,1.0,2.0,3,2004
2700000,7.048957,80.0,9.0,1.0,4.0,1,2004
3860000,8.959821,130.0,9.0,1.0,2.0,5,2013
10000000,3.759301,89.0,28.0,1.0,1.0,1,2015
54000000,11.415316,121.0,16.0,1.0,5.0,3,2003
500000,0.892007,78.0,29.0,1.0,3.0,3,2009
6000000,2.447359,139.0,11.0,1.0,5.0,3,1976
12000000,8.032616,110.0,21.0,1.0,3.0,3,2008
150000000,28.505341,140.0,114.0,3.0,2.0,5,2005
14500000,5.892859,82.0,16.0,3.0,4.0,2,2003
30000000,10.778028,98.0,49.0,1.0,3.0,2,2011
150000000,29.36178,120.0,55.0,1.0,4.0,3,2015
4000000,5.296777,86.0,6.0,3.0,3.0,2,1988
10721568,1.68625,122.0,88.0,2.0,5.0,5,2016
20000000,5.219667,85.0,6.0,2.0,1.0,4,2013
355000,7.503126,72.0,30.0,1.0,9.0,3,1931
54000000,17.185349,162.0,11.0,4.0,3.0,4,1990
20000000,16.01076,120.0,14.0,1.0,4.0,2,2016
24000000,2.818802,102.0,30.0,1.0,1.0,2,1997
6400000,1.856101,140.0,27.0,1.0,2.0,3,2013
6000000,9.424157,121.0,19.0,1.0,4.0,1,2006
15000000,2.936443,90.0,23.0,8.0,4.0,4,1996
2196531,0.947509,107.0,13.0,1.0,7.0,3,2005
7000000,11.37237,109.0,29.0,1.0,1.0,2,2003
59000000,17.328902,81.0,47.0,4.0,2.0,4,2002
9750000,11.387338,99.0,21.0,2.0,2.0,2,2008
13000000,5.53202,115.0,27.0,1.0,2.0,3,1988
24000000,4.197544,89.0,12.0,2.0,1.0,2,2001
17000000,12.01525,91.0,7.0,1.0,3.0,2,2013
50000000,5.91265,114.0,47.0,1.0,1.0,2,2006
151000,1.879162,91.0,45.0,2.0,5.0,3,1960
88000000,6.363884,144.0,16.0,3.0,3.0,2,2005
31000000,15.672195,125.0,13.0,1.0,3.0,2,2006
4000000,6.737142,85.0,13.0,1.0,6.0,1,2007
50000000,6.752119,135.0,12.0,2.0,3.0,4,1995
15000000,16.018525,100.0,7.0,1.0,3.0,3,2013
36000000,7.926621,95.0,14.0,3.0,4.0,3,1997
50000000,9.995617,84.0,43.0,1.0,3.0,2,2011
13000000,11.29356,93.0,20.0,4.0,4.0,2,2013
7700000,6.914615,123.0,21.0,1.0,7.0,3,2011
200000000,17.285093,108.0,13.0,1.0,1.0,3,2010
57000000,9.421301,95.0,8.0,1.0,2.0,2,2011
25000000,14.31675,117.0,15.0,2.0,4.0,2,2012
20000000,10.680121,128.0,16.0,1.0,1.0,4,2008
5000000,6.719949,95.0,12.0,1.0,6.0,1,2002
37000000,10.722672,110.0,22.0,1.0,1.0,3,1986
25000000,6.570918,100.0,28.0,1.0,1.0,3,1999
50000000,6.824871,113.0,8.0,1.0,3.0,4,2001
12000000,14.21769,104.0,15.0,2.0,2.0,2,2006
20000000,8.157587,121.0,28.0,1.0,1.0,3,1985
12000000,1.323587,185.0,13.0,3.0,1.0,5,2007
20000000,11.112153,93.0,17.0,1.0,3.0,3,2012
185000000,12.577266,122.0,14.0,1.0,6.0,2,2008
100000000,13.473381,90.0,11.0,1.0,1.0,2,2005
16000000,8.34322,96.0,15.0,2.0,2.0,2,1989
250000000,20.58258,165.0,27.0,1.0,2.0,3,2012
31000000,14.004074,161.0,17.0,1.0,1.0,3,1985
9600000,6.133745,121.0,26.0,1.0,1.0,2,2015
3500000,1.333969,105.0,7.0,2.0,4.0,3,2016
25000000,11.829231,105.0,15.0,2.0,3.0,4,2013
50000000,7.66124,121.0,29.0,2.0,5.0,4,1997
9000000,8.475983,120.0,10.0,1.0,2.0,4,2016
6500000,8.344282,98.0,13.0,1.0,3.0,2,1999
940000,0.739665,138.0,36.0,1.0,1.0,3,2015
5000000,6.585405,96.0,17.0,2.0,4.0,3,1989
7000000,7.218957,127.0,6.0,1.0,3.0,3,1991
5000000,7.392294,91.0,25.0,4.0,2.0,2,2014
40000000,7.473718,123.0,22.0,1.0,2.0,2,1999
195000000,11.606061,114.0,21.0,2.0,9.0,2,2013
5000000,9.841623,116.0,53.0,1.0,1.0,2,1981
28000000,10.445141,102.0,19.0,1.0,2.0,2,2003
143149,0.091951,94.0,6.0,3.0,3.0,2,2015
57000000,11.626116,115.0,15.0,1.0,1.0,2,1993
163000000,10.958669,119.0,53.0,1.0,2.0,3,2011
40000000,49.247505,122.0,45.0,1.0,4.0,3,2017
1500000,5.875708,90.0,13.0,2.0,3.0,3,2012
558000,1.41344,89.0,1.0,2.0,3.0,1,1931
8000000,5.052049,112.0,22.0,1.0,1.0,1,2006
180000000,19.467404,97.0,15.0,1.0,7.0,6,2014
2000000,12.792394,85.0,16.0,1.0,6.0,2,2014
16000000,4.136356,120.0,14.0,1.0,2.0,2,2009
35000000,4.386145,114.0,19.0,2.0,2.0,5,2008
100000000,12.845045,103.0,47.0,1.0,11.0,4,2010
44000000,11.924462,96.0,11.0,1.0,1.0,3,1985
13000000,1.884204,100.0,78.0,1.0,2.0,3,1986
40000000,5.996407,120.0,15.0,2.0,1.0,2,1992
25530000,4.557006,95.0,45.0,1.0,2.0,3,1996
17000000,7.812646,111.0,21.0,2.0,4.0,3,2012
13000000,5.138409,95.0,15.0,1.0,3.0,5,2012
2600000,3.501564,103.0,18.0,1.0,4.0,2,2004
50000000,10.246173,118.0,21.0,1.0,6.0,3,2011
250000000,19.083723,153.0,11.0,1.0,4.0,4,2009
19000000,9.262184,118.0,11.0,1.0,1.0,3,1995
11000000,8.888718,101.0,13.0,2.0,3.0,4,2011
800000,11.322173,121.0,18.0,2.0,3.0,1,1966
25000000,9.304901,93.0,16.0,1.0,3.0,2,1997
3000000,5.254847,106.0,16.0,1.0,1.0,2,1994
60000000,6.22229,91.0,7.0,3.0,9.0,1,2008
80000000,14.75562,103.0,11.0,2.0,3.0,2,2010
4200000,2.031919,146.0,44.0,1.0,2.0,2,2014
13000000,14.90169,112.0,3.0,1.0,2.0,3,2013
8500000,12.421754,138.0,16.0,1.0,2.0,3,1976
11000000,9.659244,106.0,59.0,2.0,2.0,1,2014
17000000,16.574021,96.0,7.0,1.0,4.0,1,1982
20000000,8.16645,88.0,12.0,1.0,5.0,2,2010
80000000,9.034884,126.0,11.0,1.0,4.0,1,2000
11000000,5.010563,0.0,21.0,1.0,3.0,3,2011
60000000,9.471838,148.0,20.0,1.0,1.0,4,1999
80000000,8.967638,113.0,37.0,1.0,4.0,4,1999
1000000,1.795849,94.0,52.0,1.0,3.0,4,2000
6700000,4.987123,96.0,15.0,1.0,2.0,3,2016
26000000,11.890138,115.0,15.0,1.0,2.0,2,1990
35000000,13.963892,118.0,10.0,1.0,2.0,3,2013
19000000,2.727017,117.0,32.0,1.0,2.0,3,1989
31000000,14.505987,157.0,25.0,1.0,3.0,4,1992
20000000,4.15656,84.0,5.0,1.0,3.0,1,2003
609000,7.122093,101.0,15.0,4.0,2.0,3,1935
22000000,9.763928,115.0,25.0,1.0,7.0,2,1984
6000000,4.664474,141.0,10.0,1.0,3.0,3,2004
15000000,9.285519,120.0,15.0,1.0,2.0,2,2016
1200000,23.508433,103.0,40.0,1.0,2.0,5,2004
60000000,6.504927,92.0,9.0,1.0,2.0,2,2003
6788000,7.88101,103.0,15.0,2.0,2.0,1,1991
10500000,8.253705,100.0,13.0,1.0,6.0,3,2014
20000000,10.448481,106.0,14.0,1.0,1.0,2,1995
1000000,10.766409,104.0,12.0,3.0,2.0,4,2013
73000000,8.884406,118.0,18.0,1.0,6.0,1,1999
2000000,0.717595,90.0,11.0,3.0,5.0,5,2006
3000000,8.122042,86.0,27.0,1.0,6.0,3,1986
25000000,11.338194,130.0,10.0,2.0,4.0,2,1993
35000000,17.310647,125.0,74.0,1.0,2.0,2,2015
17000000,11.03595,112.0,6.0,1.0,1.0,1,2012
12000000,5.914833,114.0,24.0,4.0,2.0,2,1993
9200000,0.882864,157.0,31.0,1.0,2.0,2,2013
40000000,12.589019,99.0,10.0,1.0,2.0,4,2006
27000000,9.644085,109.0,66.0,1.0,3.0,3,2009
30000000,12.727269,118.0,19.0,2.0,2.0,3,2012
10000000,6.703892,92.0,33.0,1.0,3.0,3,2016
75000000,12.287636,114.0,28.0,1.0,1.0,1,1999
4000000,10.714173,94.0,63.0,2.0,1.0,4,1979
32000000,14.958098,111.0,65.0,1.0,1.0,4,2009
137731,1.78367,83.0,15.0,3.0,1.0,2,1997
53000000,8.657365,116.0,7.0,1.0,3.0,2,1995
1800000,5.550496,93.0,65.0,1.0,8.0,1,2012
2000000,7.636625,90.0,28.0,1.0,1.0,2,2008
5000000,7.66414,106.0,5.0,1.0,1.0,2,2004
15000000,6.617708,115.0,23.0,1.0,6.0,3,2014
280379,8.913793,90.0,38.0,1.0,4.0,3,1966
30000000,8.599342,92.0,18.0,2.0,2.0,3,2006
135000000,13.047776,112.0,10.0,1.0,2.0,3,2016
40000000,6.475665,130.0,21.0,2.0,3.0,4,2011
56000000,7.81645,95.0,15.0,1.0,5.0,2,2005
100000000,18.932203,131.0,23.0,1.0,4.0,1,2004
2000000,3.462653,123.0,22.0,1.0,2.0,4,2008
14000000,14.260779,119.0,15.0,2.0,3.0,3,1987
15000000,10.527141,111.0,14.0,2.0,3.0,6,2006
5000000,8.466725,97.0,59.0,1.0,1.0,1,2006
60000000,12.789812,130.0,19.0,1.0,1.0,2,2012
68000000,10.466306,121.0,19.0,2.0,1.0,4,1999
50000000,4.909738,114.0,18.0,2.0,2.0,2,1997
17000000,6.590093,98.0,4.0,1.0,3.0,2,2009
2500000,3.750365,90.0,17.0,1.0,4.0,3,2008
55000000,15.214342,94.0,15.0,1.0,2.0,2,2011
40000000,12.189038,130.0,62.0,1.0,3.0,2,1987
23000000,11.076971,163.0,10.0,3.0,3.0,3,1987
1200000,0.584397,85.0,14.0,1.0,3.0,5,2000
180000000,18.13542,143.0,15.0,2.0,3.0,4,2005
85000000,12.16276,122.0,19.0,2.0,2.0,3,2007
12000000,7.594102,84.0,22.0,1.0,6.0,4,2004
6500000,8.254209,114.0,30.0,1.0,3.0,2,1976
2900000,4.919716,113.0,13.0,1.0,1.0,3,1998
20000000,6.496913,108.0,21.0,2.0,2.0,3,2007
4500000,6.874828,102.0,22.0,1.0,7.0,1,2000
4500000,8.786269,95.0,26.0,1.0,3.0,4,2010
800000,7.974726,91.0,18.0,3.0,6.0,4,2009
20000000,3.782547,96.0,19.0,1.0,3.0,3,1980
7000000,6.868022,95.0,72.0,1.0,2.0,3,2014
25000000,7.308162,83.0,14.0,1.0,2.0,3,2001
15000000,13.183804,110.0,36.0,2.0,6.0,4,1987
15000000,4.643981,88.0,16.0,5.0,5.0,1,2002
11000000,7.915368,95.0,11.0,1.0,1.0,3,2006
15000000,14.14078,108.0,12.0,2.0,5.0,1,2015
5000000,1.962873,90.0,10.0,1.0,2.0,2,2014
6000000,41.109264,175.0,16.0,1.0,5.0,5,1972
85000000,14.043416,136.0,25.0,1.0,3.0,5,2006
58000000,14.686036,130.0,19.0,1.0,1.0,1,1995
10000000,5.13955,93.0,11.0,1.0,3.0,1,2000
12000000,2.162781,90.0,17.0,1.0,2.0,6,2015
38000000,8.898988,110.0,29.0,1.0,2.0,3,2016
15000000,3.96986,96.0,26.0,2.0,1.0,1,1989
27000000,3.104943,124.0,19.0,1.0,9.0,2,1999
30000000,7.645827,113.0,11.0,1.0,2.0,1,2002
13500000,8.969705,90.0,14.0,1.0,2.0,3,2016
7200000,5.553737,99.0,15.0,2.0,3.0,3,1987
20000000,8.801032,100.0,33.0,2.0,3.0,2,2013
95000000,15.297821,102.0,103.0,1.0,3.0,2,2014
9000000,19.827546,87.0,20.0,1.0,1.0,1,1988
42000000,11.214779,90.0,12.0,1.0,1.0,4,2017
5600000,8.853168,85.0,7.0,1.0,2.0,2,2009
17000000,10.250997,105.0,13.0,1.0,3.0,2,2011
14000000,9.781451,125.0,22.0,2.0,1.0,1,1977
40000000,13.02535,86.0,14.0,1.0,1.0,3,1998
40000000,12.520688,114.0,26.0,1.0,2.0,2,2001
62000000,6.318445,106.0,30.0,2.0,3.0,5,1995
39000000,10.296047,87.0,8.0,3.0,3.0,3,2012
8500000,9.099731,97.0,68.0,5.0,3.0,6,1987
4000000,8.16339,96.0,9.0,1.0,5.0,3,2006
8000000,6.040486,98.0,16.0,1.0,2.0,2,1985
44000000,11.342024,125.0,15.0,1.0,2.0,2,2013
105000000,20.151037,100.0,61.0,2.0,3.0,2,2016
60000000,13.214068,104.0,15.0,1.0,1.0,3,2001
220000000,89.887648,143.0,17.0,1.0,3.0,2,2012
75000000,7.116537,99.0,32.0,2.0,3.0,2,1999
350000,10.421679,85.0,59.0,1.0,1.0,1,1981
2600000,11.600224,91.0,21.0,2.0,2.0,2,1993
3537415,9.117054,162.0,17.0,3.0,1.0,1,2016
100000000,9.615691,121.0,96.0,1.0,3.0,1,2005
2000000,6.536006,118.0,63.0,1.0,8.0,4,1999
26000000,6.866634,99.0,15.0,1.0,3.0,2,1994
22000000,6.760321,116.0,61.0,2.0,5.0,4,2013
100000,8.003815,96.0,22.0,1.0,2.0,1,2013
20000000,39.39497,116.0,15.0,2.0,3.0,1,1997
19000000,10.874079,95.0,25.0,1.0,2.0,3,1988
878000,13.916101,102.0,20.0,1.0,1.0,3,1942
12000000,6.829528,98.0,15.0,4.0,1.0,1,2006
17000000,11.454835,97.0,43.0,6.0,10.0,1,2004
300000,7.90622,88.0,15.0,1.0,1.0,1,2012
2000000,9.551293,153.0,1.0,2.0,3.0,1,1962
150000000,5.587707,144.0,14.0,1.0,4.0,1,2007
22000000,7.719173,175.0,16.0,2.0,2.0,4,1977
8000000,8.762536,95.0,15.0,1.0,1.0,2,2007
27000000,9.848674,117.0,7.0,2.0,3.0,0,1983
3200000,6.72639,105.0,21.0,3.0,1.0,6,2010
300000,1.687901,88.0,13.0,1.0,6.0,3,2005
3500000,6.261686,96.0,20.0,2.0,3.0,3,2012
90000000,10.338222,106.0,110.0,1.0,4.0,4,2013
32000000,9.796962,93.0,24.0,1.0,5.0,3,2011
13000000,15.295949,125.0,5.0,1.0,3.0,4,2006
3400000,5.101153,94.0,14.0,1.0,1.0,1,1977
19000000,1.418221,93.0,11.0,1.0,1.0,3,1993
30000000,6.34785,105.0,25.0,1.0,3.0,3,1993
16000000,7.404835,124.0,31.0,1.0,2.0,3,2007
1250000,14.605464,92.0,15.0,1.0,1.0,3,1953
10000000,17.046052,97.0,9.0,1.0,2.0,3,2016
3250000,1.393391,107.0,34.0,5.0,1.0,3,2006
4000000,16.861533,77.0,37.0,1.0,3.0,1,1953
30000000,13.371056,92.0,17.0,1.0,3.0,1,2012
18000000,9.309967,117.0,6.0,1.0,2.0,2,2007
80000000,10.796939,129.0,14.0,1.0,4.0,3,2004
10500000,11.548303,99.0,12.0,1.0,3.0,2,2016
85000000,11.03897,88.0,27.0,2.0,2.0,2,2008
90000000,24.30526,126.0,90.0,1.0,1.0,2,1997
9000000,7.720692,102.0,16.0,1.0,1.0,1,2012
12000000,16.274653,125.0,11.0,1.0,3.0,2,2014
747000,2.775402,107.0,15.0,1.0,2.0,1,1968
1119000,0.948775,103.0,3.0,1.0,2.0,1,1936
20000000,9.830382,109.0,24.0,1.0,4.0,3,2013
15000000,7.603652,97.0,15.0,1.0,1.0,4,1997
10000000,3.492576,89.0,13.0,1.0,5.0,1,2002
100000000,11.174041,115.0,19.0,1.0,3.0,2,2010
30000000,7.566321,124.0,10.0,2.0,3.0,2,1998
5000000,1.845554,99.0,4.0,1.0,3.0,3,2014
13000000,7.17548,119.0,3.0,1.0,1.0,3,2010
25000000,14.723646,117.0,10.0,1.0,1.0,3,2013
62000000,7.879924,116.0,6.0,1.0,1.0,2,2000
6000000,10.124544,99.0,15.0,4.0,3.0,1,1981
23000000,9.327986,89.0,17.0,1.0,2.0,3,1987
6000000,14.044122,100.0,15.0,1.0,3.0,1,1987
10000000,14.014025,103.0,16.0,1.0,3.0,4,2000
52000000,6.906145,112.0,13.0,1.0,1.0,2,2011
18000000,4.558075,338.0,56.0,1.0,5.0,2,2010
5000000,9.069963,135.0,15.0,1.0,4.0,3,1996
55000000,14.178281,108.0,16.0,1.0,3.0,3,2000
7000000,4.896196,101.0,20.0,2.0,1.0,3,2010
5000000,4.800426,106.0,41.0,2.0,2.0,4,2008
15000000,7.942084,94.0,4.0,1.0,1.0,1,2016
200000000,13.693002,106.0,5.0,1.0,1.0,2,2011
20000000,8.129407,82.0,20.0,1.0,1.0,3,2010
100000000,23.247298,124.0,16.0,1.0,3.0,2,2017
28000000,6.062425,91.0,4.0,1.0,1.0,3,2011
1750000,4.250819,109.0,17.0,3.0,4.0,1,1957
20000000,6.612175,105.0,17.0,1.0,5.0,3,2007
150000000,12.533525,109.0,28.0,1.0,7.0,3,2010
26000000,11.519662,116.0,17.0,3.0,3.0,3,2005
15000000,5.764399,123.0,13.0,1.0,4.0,3,1988
28000000,11.476443,136.0,21.0,3.0,2.0,2,2005
7000000,15.280219,90.0,10.0,1.0,4.0,4,2010
60000000,8.810961,127.0,23.0,2.0,1.0,2,2003
11000000,8.046375,109.0,10.0,1.0,1.0,3,1983
1500000,6.466688,93.0,38.0,1.0,3.0,4,2003
1000000,5.760319,98.0,54.0,1.0,3.0,4,2012
13800000,11.613655,119.0,10.0,1.0,1.0,1,1986
26000000,4.920175,94.0,11.0,1.0,3.0,3,2002
105000000,18.50194,91.0,24.0,1.0,1.0,2,2013
21000000,13.217421,92.0,13.0,1.0,1.0,4,2002
1200000,5.39865,115.0,16.0,2.0,2.0,3,1936
11800000,8.364201,118.0,10.0,1.0,5.0,4,2015
1500000,8.504511,78.0,16.0,1.0,4.0,1,2007
72000000,9.997032,125.0,33.0,1.0,5.0,3,2005
225000000,12.490891,150.0,4.0,1.0,3.0,2,2008
5000000,3.531682,94.0,19.0,1.0,3.0,3,2001
7500000,5.795045,93.0,9.0,1.0,2.0,1,1989
36000000,17.714247,109.0,8.0,2.0,3.0,1,2003
1500000,4.948569,96.0,52.0,1.0,10.0,1,1993
5000000,5.59686,120.0,25.0,3.0,2.0,2,2011
5000000,1.155075,97.0,15.0,3.0,2.0,3,1993
15000000,3.4949,97.0,13.0,2.0,4.0,3,2011
60000000,11.328316,109.0,15.0,1.0,3.0,3,2009
16000000,10.264597,93.0,26.0,3.0,2.0,3,2000
7000000,9.107829,108.0,36.0,1.0,8.0,3,2010
10000000,6.426937,100.0,5.0,1.0,2.0,4,1998
802000,6.165341,104.0,0.0,1.0,4.0,4,1942
260000000,14.670353,132.0,57.0,1.0,5.0,4,2012
120000,1.62632,87.0,30.0,3.0,1.0,4,2000
6000000,15.11549,139.0,17.0,1.0,6.0,3,1964
13000000,6.236729,99.0,2.0,3.0,5.0,2,2001
25000000,7.492912,132.0,25.0,3.0,7.0,3,1984
230000,4.788002,89.0,23.0,2.0,4.0,3,1977
18000000,4.918419,120.0,25.0,1.0,1.0,2,2008
5000000,5.587765,109.0,16.0,1.0,1.0,1,1989
1000000,1.896218,93.0,11.0,2.0,3.0,3,2015
9000000,8.832907,90.0,14.0,1.0,1.0,2,2007
4000000,5.757907,143.0,22.0,1.0,4.0,2,1969
4000000,2.999052,92.0,34.0,3.0,4.0,2,2013
2000000,4.126083,105.0,17.0,2.0,1.0,3,1992
50000000,14.383185,106.0,27.0,1.0,8.0,3,1990
22000000,9.737907,117.0,21.0,1.0,2.0,3,1983
700000,11.118844,112.0,11.0,1.0,1.0,1,1932
1700000,11.644764,93.0,14.0,1.0,4.0,1,1973
15000000,4.079853,96.0,22.0,1.0,4.0,1,1986
8000000,11.842837,163.0,15.0,1.0,1.0,2,1984
45000000,6.922458,106.0,19.0,2.0,5.0,4,1998
40000000,7.001645,90.0,14.0,1.0,6.0,3,2008
24000000,4.233081,134.0,0.0,1.0,3.0,0,1978
20500000,16.603041,99.0,29.0,2.0,5.0,3,1983
28000000,6.000716,99.0,3.0,1.0,1.0,3,2000
10700000,1.060709,89.0,42.0,1.0,1.0,3,1994
35000000,10.430238,97.0,7.0,1.0,2.0,2,2013
44000000,4.393576,219.0,8.0,1.0,2.0,2,1980
1500000,8.168694,129.0,26.0,1.0,3.0,3,1939
18000000,7.263988,114.0,11.0,1.0,1.0,1,2008
25000000,7.637345,98.0,12.0,2.0,3.0,2,2001
7000000,13.546984,114.0,33.0,3.0,5.0,4,2001
61000000,154.801009,145.0,24.0,3.0,4.0,1,2014
3900000,6.997888,120.0,36.0,1.0,5.0,5,1966
30000000,17.955897,90.0,31.0,1.0,4.0,1,2003
33000000,19.628834,112.0,15.0,1.0,3.0,2,2014
5000000,15.909181,91.0,15.0,1.0,1.0,2,2016
5000000,8.405672,124.0,15.0,3.0,5.0,3,1980
2200000,9.094477,92.0,10.0,1.0,1.0,4,1985
722083,0.817488,120.0,13.0,1.0,1.0,3,2014
8000000,6.963023,113.0,19.0,1.0,3.0,1,1980
30000000,12.130803,84.0,23.0,1.0,2.0,2,2006
110000000,20.547925,114.0,23.0,4.0,2.0,3,2015
65000000,18.860681,123.0,23.0,1.0,6.0,3,2004
25000000,6.196929,114.0,26.0,1.0,1.0,4,2011
150000000,4.351756,150.0,6.0,1.0,2.0,2,2009
120000000,7.888013,119.0,20.0,1.0,1.0,2,2011
6000000,0.292296,110.0,58.0,1.0,6.0,3,2007
1200000,4.928139,85.0,33.0,1.0,3.0,2,1999
12000000,12.01334,103.0,11.0,2.0,3.0,1,2008
6000000,1.822246,99.0,31.0,1.0,3.0,2,2012
35000000,13.955376,91.0,32.0,1.0,11.0,4,2002
30000000,9.524298,104.0,10.0,1.0,1.0,2,2012
7000000,14.054862,96.0,69.0,1.0,7.0,3,1988
40000000,10.855502,121.0,16.0,1.0,1.0,2,2013
80000000,11.341084,102.0,14.0,1.0,1.0,2,2011
6000000,5.253453,92.0,18.0,2.0,5.0,1,1977
30000000,13.413895,130.0,9.0,2.0,1.0,3,2011
38000000,10.307277,90.0,21.0,1.0,7.0,2,2006
55000000,5.304043,100.0,42.0,1.0,5.0,4,1997
30000000,7.575696,112.0,58.0,2.0,8.0,3,2010
85000000,7.680762,145.0,38.0,1.0,6.0,3,2005
11000000,9.003792,94.0,21.0,1.0,3.0,3,2013
35000000,6.332878,102.0,10.0,1.0,3.0,2,2009
5700000,8.075698,110.0,25.0,1.0,3.0,3,2009
250000,4.281631,99.0,40.0,3.0,2.0,3,2013
11000000,9.056173,94.0,13.0,3.0,1.0,5,2015
1200000,6.486117,99.0,18.0,1.0,6.0,2,1955
6000000,0.651625,82.0,18.0,2.0,9.0,2,2000
8000000,7.030308,122.0,18.0,1.0,4.0,2,2011
16000000,6.62363,114.0,18.0,1.0,7.0,3,2008
35000000,7.759429,96.0,29.0,2.0,1.0,4,2012
23000000,5.307984,98.0,14.0,1.0,5.0,2,1996
20000000,14.753931,115.0,14.0,2.0,3.0,3,2008
37000000,7.387171,115.0,11.0,1.0,1.0,4,2001
12000000,4.926507,116.0,6.0,2.0,2.0,4,2006
3800000,10.083019,122.0,10.0,3.0,6.0,3,2007
325000,0.867549,118.0,9.0,1.0,4.0,1,2016
2883848,11.845107,122.0,13.0,2.0,1.0,2,1959
800000,7.271526,100.0,5.0,2.0,1.0,2,2009
116000000,7.240753,108.0,17.0,3.0,6.0,1,1997
20000000,5.762343,105.0,14.0,1.0,2.0,3,2003
21000000,5.484379,91.0,16.0,1.0,1.0,1,2011
55000000,7.991168,125.0,18.0,2.0,1.0,2,2006
5000000,10.996308,83.0,16.0,1.0,1.0,1,2011
44000000,9.198283,147.0,8.0,1.0,1.0,1,1996
31000000,10.163266,118.0,19.0,1.0,3.0,1,2000
165000000,13.697597,108.0,24.0,1.0,3.0,2,2012
50000000,7.579855,83.0,32.0,2.0,3.0,4,2014
190000000,22.296076,130.0,17.0,3.0,4.0,2,2015
85000000,11.526339,85.0,15.0,1.0,1.0,4,2007
62000000,10.618141,137.0,22.0,1.0,6.0,4,1997
55000000,12.202063,116.0,20.0,1.0,4.0,3,1996
50000000,16.075615,116.0,14.0,1.0,1.0,2,2016
125000000,16.83711,92.0,12.0,1.0,1.0,1,2016
45000000,9.510762,111.0,22.0,1.0,4.0,4,2000
27000000,4.631978,117.0,7.0,1.0,4.0,3,2008
3000000,0.129004,94.0,13.0,3.0,1.0,3,2004
30000000,8.047735,111.0,10.0,1.0,1.0,2,2013
70000000,11.898185,99.0,20.0,3.0,4.0,1,1998
11000000,4.890067,86.0,12.0,2.0,3.0,2,2001
13000000,14.017754,132.0,25.0,1.0,3.0,3,2016
13000000,8.611077,94.0,9.0,1.0,1.0,3,2013
15000000,14.421528,103.0,24.0,1.0,1.0,2,2016
40000000,14.840318,119.0,8.0,1.0,1.0,3,2001
40000000,12.637158,128.0,33.0,2.0,5.0,5,1993
2800000,8.173864,87.0,6.0,2.0,2.0,2,1981
700000,0.712844,85.0,42.0,2.0,4.0,3,2009
3000000,1.017103,80.0,19.0,1.0,2.0,2,2007
32000000,13.332387,155.0,66.0,1.0,1.0,3,2013
24000000,6.562982,89.0,17.0,2.0,4.0,2,2011
270000000,13.284712,154.0,31.0,2.0,1.0,3,2006
46000000,7.420019,99.0,14.0,1.0,3.0,2,2000
25000000,11.746053,104.0,7.0,1.0,3.0,2,2012
60000000,8.259952,87.0,14.0,1.0,1.0,4,2011
30000000,6.212898,98.0,16.0,1.0,4.0,1,2010
13000000,6.361343,129.0,23.0,2.0,5.0,3,2005
5000000,13.336773,97.0,18.0,1.0,4.0,1,2009
38000000,8.450799,96.0,42.0,1.0,2.0,2,2009
645180,5.841931,103.0,15.0,1.0,6.0,1,1989
250000,0.386717,97.0,80.0,1.0,4.0,3,2010
22500000,9.615664,112.0,13.0,1.0,6.0,1,2014
5200000,6.700173,99.0,13.0,1.0,1.0,1,1990
26000000,12.638573,90.0,11.0,1.0,2.0,2,2003
3500000,6.488277,72.0,47.0,1.0,1.0,1,2016
10000000,12.928712,129.0,10.0,2.0,1.0,2,2017
2410000,9.110348,100.0,12.0,1.0,2.0,4,1985
18000000,7.69684,94.0,16.0,1.0,1.0,4,2014
5000000,0.619657,94.0,27.0,1.0,2.0,1,1970
5000000,7.007993,91.0,17.0,1.0,1.0,2,2010
60000000,8.905732,127.0,20.0,1.0,3.0,3,2009
22000000,10.77166,97.0,15.0,3.0,3.0,4,2007
25000000,11.299673,170.0,18.0,2.0,5.0,1,1983
40000000,9.530278,135.0,54.0,3.0,3.0,3,2005
13000000,2.62835,95.0,14.0,1.0,1.0,3,1991
800000,2.46167,105.0,22.0,1.0,2.0,1,1965
4361898,2.873356,92.0,15.0,1.0,1.0,5,2003
3500000,6.097684,103.0,17.0,3.0,1.0,3,2010
116000000,9.86738,170.0,8.0,3.0,1.0,3,2004
8000000,8.172013,101.0,21.0,1.0,3.0,2,2010
950000,9.62025,103.0,32.0,1.0,5.0,4,2005
5000000,1.792402,125.0,26.0,1.0,5.0,2,2007
4200000,8.803869,114.0,18.0,1.0,3.0,1,2004
50000000,10.337211,88.0,23.0,1.0,3.0,2,2013
35000000,11.736241,108.0,46.0,4.0,5.0,3,1990
210000,3.424057,80.0,10.0,2.0,3.0,3,1953
6000000,13.293569,115.0,38.0,2.0,2.0,2,1982
4000000,1.760091,72.0,25.0,1.0,2.0,2,2004
6000000,6.714577,110.0,30.0,1.0,4.0,4,1969
20000000,5.990572,112.0,24.0,3.0,1.0,5,1993
6500000,23.242452,99.0,15.0,1.0,3.0,3,2014
3705538,7.404329,112.0,13.0,1.0,3.0,5,1992
12000000,8.816951,91.0,19.0,1.0,8.0,1,1992
12000000,8.025118,106.0,12.0,1.0,2.0,3,2007
95000000,9.785895,118.0,14.0,1.0,4.0,2,2010
20000000,12.763976,107.0,17.0,2.0,4.0,3,2011
1752000,11.709777,110.0,19.0,1.0,2.0,1,1950
12000000,13.065315,107.0,17.0,1.0,3.0,3,2008
33000000,7.418574,105.0,14.0,1.0,3.0,3,2006
23000000,12.21459,101.0,16.0,2.0,2.0,5,2015
3000000,5.493697,139.0,29.0,2.0,2.0,3,1998
25000000,13.72021,87.0,27.0,1.0,3.0,3,1992
5500000,2.942711,123.0,9.0,2.0,1.0,3,2015
25000000,8.88057,107.0,23.0,1.0,3.0,1,2011
7000000,5.701278,90.0,17.0,1.0,6.0,4,2003
3000000,10.893224,87.0,18.0,2.0,1.0,2,2012
45000000,3.733574,103.0,12.0,2.0,6.0,3,1997
70000000,6.753746,116.0,19.0,1.0,2.0,2,2011
5000000,10.510468,90.0,15.0,1.0,3.0,4,2009
65000000,0.948759,95.0,64.0,1.0,1.0,2,2012
650000,7.814255,98.0,16.0,1.0,3.0,2,2010
72000000,11.211568,106.0,17.0,1.0,3.0,3,2002
18000000,7.521346,122.0,54.0,2.0,4.0,1,1989
12000000,12.159818,110.0,12.0,2.0,1.0,2,2012
28000000,7.954623,108.0,20.0,1.0,5.0,2,2016
30000000,2.899809,140.0,16.0,2.0,5.0,2,1997
68000000,10.97633,116.0,22.0,2.0,2.0,2,1997
30000000,21.946943,81.0,19.0,1.0,3.0,4,1995
15000000,15.553313,98.0,58.0,1.0,3.0,1,2015
10000000,6.370105,101.0,16.0,2.0,2.0,3,2000
10000000,17.602928,97.0,63.0,1.0,2.0,4,2015
65000000,19.083823,157.0,8.0,4.0,6.0,2,2007
25000000,8.338562,109.0,15.0,1.0,2.0,1,2009
800000,11.84696,93.0,19.0,1.0,1.0,1,1984
8000000,9.609879,103.0,11.0,3.0,6.0,4,2016
130000000,10.747642,100.0,15.0,2.0,3.0,3,2013
18000000,9.746725,105.0,15.0,1.0,3.0,2,2006
88000000,21.14796,105.0,29.0,1.0,2.0,2,2015
777000,8.152085,86.0,40.0,1.0,4.0,4,1971
42000000,8.371005,115.0,41.0,2.0,3.0,5,2002
2000000,3.3924,85.0,30.0,2.0,2.0,1,1994
12000000,4.726238,106.0,7.0,1.0,2.0,2,2014
10000000,7.176601,96.0,23.0,1.0,2.0,3,1990
36000000,9.244469,84.0,9.0,1.0,9.0,2,2011
15000000,11.239012,107.0,4.0,1.0,1.0,4,2011
850000,3.334942,107.0,16.0,2.0,1.0,1,2003
14000000,8.093442,106.0,9.0,1.0,1.0,3,2015
4798235,9.336568,107.0,16.0,1.0,4.0,2,2011
10000000,3.033797,98.0,16.0,7.0,2.0,3,2011
750000,0.201582,0.0,18.0,2.0,2.0,3,2014
4000000,5.099557,100.0,34.0,1.0,1.0,3,1997
20000000,10.038613,98.0,75.0,1.0,3.0,4,2009
90000000,11.605735,87.0,12.0,1.0,2.0,3,2003
500000,0.482527,157.0,22.0,2.0,17.0,5,2006
2500000,1.216497,84.0,16.0,1.0,6.0,1,2016
145000000,12.256689,102.0,15.0,2.0,1.0,2,2014
30000000,8.040589,138.0,20.0,7.0,1.0,3,1993
17500000,7.481125,110.0,11.0,1.0,1.0,3,2006
7000000,6.904831,91.0,25.0,1.0,4.0,4,1996
75000000,8.940007,129.0,20.0,2.0,4.0,2,2005
27220000,12.388833,105.0,29.0,1.0,1.0,3,2013
22000000,11.275132,105.0,18.0,1.0,9.0,4,2010
1200000,8.471302,81.0,14.0,2.0,1.0,5,1983
7000000,7.791952,98.0,15.0,1.0,3.0,4,1988
6000000,12.457908,108.0,118.0,2.0,1.0,2,1999
15000000,7.492658,140.0,25.0,1.0,3.0,1,2013
28000000,13.143061,130.0,16.0,4.0,1.0,3,2015
2000000,11.276024,108.0,53.0,1.0,5.0,1,2007
70000000,3.062626,101.0,24.0,2.0,3.0,4,1999
40000000,6.417385,101.0,11.0,1.0,2.0,2,2008
9100000,4.23908,183.0,9.0,1.0,3.0,2,2008
450000,2.333661,84.0,15.0,1.0,4.0,4,2006
10500000,4.668541,89.0,52.0,5.0,8.0,1,1990
4000000,11.609441,102.0,10.0,1.0,2.0,3,2003
1000000,2.301183,96.0,21.0,1.0,3.0,3,1975
28000000,17.26045,117.0,34.0,1.0,3.0,3,2010
80000000,7.309903,136.0,12.0,2.0,1.0,2,2009
1300000,6.636872,105.0,13.0,1.0,3.0,3,1951
10000000,0.524432,127.0,27.0,1.0,2.0,2,2003
25000000,1.466461,87.0,15.0,2.0,1.0,1,1999
9000000,6.484495,114.0,20.0,1.0,2.0,3,1986
17000000,7.19669,95.0,3.0,1.0,1.0,4,2009
44500000,14.238234,120.0,16.0,1.0,4.0,3,2012
30000000,8.032638,91.0,29.0,1.0,4.0,1,1991
35000000,8.155604,112.0,16.0,1.0,1.0,3,2016
31000000,5.418428,103.0,23.0,1.0,3.0,2,1990
1250000,8.731331,101.0,13.0,1.0,1.0,2,1945
45000000,6.84109,109.0,13.0,1.0,1.0,4,2005
12000000,6.140116,89.0,48.0,1.0,5.0,4,2008
10000000,6.638116,89.0,20.0,1.0,1.0,1,1995
16000000,9.101896,89.0,11.0,2.0,4.0,5,2001
150000000,1.456541,107.0,6.0,1.0,5.0,2,2009
2000000,0.570293,90.0,23.0,2.0,1.0,3,2005
50000000,6.496271,88.0,5.0,1.0,3.0,1,2004
70000000,16.316318,92.0,7.0,1.0,1.0,2,2014
20000000,13.591485,108.0,12.0,1.0,2.0,2,2009
4520000,3.372304,101.0,12.0,1.0,1.0,3,1983
6000000,7.217205,111.0,9.0,1.0,3.0,3,2014
11000000,12.293202,109.0,45.0,5.0,2.0,3,2015
40000000,13.256679,111.0,31.0,2.0,3.0,3,2017
50000000,17.126768,114.0,12.0,1.0,1.0,3,1992
15000000,3.550711,94.0,23.0,1.0,4.0,1,2000
73000000,11.604533,98.0,29.0,2.0,4.0,3,1998
14000000,8.30721,98.0,22.0,1.0,4.0,3,1993
50000000,9.930326,130.0,49.0,1.0,3.0,1,2003
19000000,10.187278,93.0,18.0,1.0,4.0,3,1999
30000000,11.589835,112.0,15.0,1.0,9.0,1,2009
18000000,6.303384,122.0,17.0,1.0,7.0,2,1984
891000,0.179246,89.0,6.0,2.0,3.0,1,1998
43000000,10.536255,136.0,22.0,1.0,9.0,3,2000
55000000,15.178338,134.0,52.0,1.0,1.0,1,1995
662141,1.233446,98.0,9.0,1.0,3.0,2,1943
400000,0.218588,97.0,110.0,2.0,4.0,2,2001
85000000,14.048694,93.0,89.0,1.0,3.0,2,1997
45000000,13.53003,105.0,15.0,2.0,1.0,2,2008
1800000,6.694959,104.0,70.0,1.0,4.0,2,1971
260000000,39.186819,149.0,14.0,1.0,4.0,2,2017
15000000,9.895652,107.0,15.0,1.0,3.0,3,2008
3000000,1.412333,73.0,14.0,1.0,4.0,3,2010
30000000,7.554848,84.0,19.0,1.0,2.0,3,1999
7000000,11.789813,119.0,15.0,1.0,5.0,3,1979
30000000,4.655727,101.0,18.0,1.0,2.0,2,1993
25000000,6.851628,92.0,55.0,1.0,4.0,2,1999
17000000,5.772293,101.0,8.0,1.0,1.0,2,1989
4600000,4.342418,186.0,6.0,1.0,2.0,4,2013
4500000,7.522655,86.0,14.0,1.0,2.0,1,1986
110000000,17.159576,119.0,30.0,1.0,3.0,3,1997
61000000,41.225769,132.0,78.0,1.0,3.0,3,2015
1000000,7.666558,129.0,3.0,1.0,3.0,2,2011
20000000,17.136672,104.0,26.0,1.0,3.0,5,1993
15000000,15.388875,100.0,25.0,1.0,2.0,2,2011
500000,0.321515,95.0,18.0,1.0,4.0,2,1997
7000000,7.738924,106.0,26.0,2.0,3.0,2,2005
1400000,12.06308,138.0,35.0,1.0,2.0,1,1950
5000000,1.564774,100.0,15.0,2.0,2.0,1,1998
20000000,9.502332,98.0,15.0,1.0,1.0,2,2004
22000000,13.966833,121.0,31.0,1.0,8.0,2,1977
18000000,4.19356,141.0,19.0,1.0,2.0,1,2013
12500000,9.543004,100.0,31.0,1.0,8.0,2,2014
20000000,1.057387,93.0,13.0,1.0,2.0,1,1982
4000000,12.410427,136.0,25.0,1.0,1.0,2,1959
14000000,5.355452,126.0,13.0,1.0,2.0,4,1981
360000,1.345165,113.0,20.0,1.0,2.0,2,1967
25000000,10.932786,94.0,14.0,1.0,1.0,1,1985
48000000,8.781588,93.0,10.0,4.0,1.0,3,2000
16400000,19.905716,129.0,40.0,1.0,4.0,3,1989
18000000,11.720358,127.0,15.0,1.0,5.0,3,1994
700000,9.47666,171.0,46.0,1.0,5.0,3,1994
2000000,8.367858,89.0,28.0,1.0,2.0,2,2012
20000000,11.11946,116.0,12.0,2.0,1.0,4,2010
15000000,12.860385,101.0,6.0,3.0,3.0,1,1996
10000000,7.676017,100.0,16.0,1.0,5.0,1,2010
185000000,123.167259,152.0,16.0,3.0,1.0,3,2008
28000000,5.715737,90.0,16.0,1.0,3.0,3,2001
20000000,9.059459,94.0,77.0,1.0,7.0,1,1989
1900000,1.075939,104.0,8.0,2.0,2.0,2,2000
25000000,8.383246,120.0,16.0,1.0,2.0,2,2015
8500000,10.990614,107.0,26.0,2.0,4.0,2,2014
180000,7.523517,89.0,11.0,1.0,2.0,2,1997
16000000,3.859495,127.0,16.0,2.0,4.0,6,1995
11000000,7.715908,81.0,73.0,3.0,2.0,4,2001
2153912,0.334881,83.0,17.0,6.0,2.0,3,2014
60000000,11.131917,124.0,33.0,1.0,2.0,1,1997
3000000,6.09018,133.0,69.0,2.0,2.0,2,1948
41000000,12.929653,105.0,9.0,2.0,2.0,5,2009
7000000,12.61469,98.0,8.0,2.0,2.0,3,1996
20000000,0.69162,98.0,33.0,1.0,5.0,4,1981
5000000,5.147819,89.0,32.0,2.0,1.0,2,1996
521873,1.668794,127.0,10.0,1.0,3.0,3,2016
34000000,228.032744,113.0,98.0,1.0,4.0,2,2017
50000000,10.563152,124.0,15.0,2.0,3.0,2,2011
20000000,18.006896,105.0,28.0,1.0,2.0,3,2007
3837625,0.749665,103.0,18.0,1.0,3.0,3,2010
42000000,10.174298,100.0,10.0,1.0,2.0,3,2011
20000000,4.444724,101.0,27.0,1.0,2.0,4,2003
120000000,5.458387,121.0,16.0,2.0,3.0,1,2010
45000000,9.875573,95.0,10.0,1.0,3.0,2,2005
15000000,7.390012,130.0,19.0,2.0,2.0,3,1986
1000000,6.107378,87.0,15.0,1.0,1.0,3,2014
50000000,6.572049,99.0,16.0,2.0,3.0,4,2005
5000000,1.629796,80.0,38.0,1.0,2.0,2,1982
152000000,146.161786,140.0,19.0,1.0,3.0,1,2017
120000000,10.246549,102.0,84.0,2.0,5.0,2,2014
3347850,2.906503,108.0,22.0,1.0,1.0,2,2011
4437508,3.779077,155.0,48.0,1.0,4.0,3,2012
94000000,5.310558,116.0,21.0,1.0,4.0,1,2001
40000000,9.832342,93.0,9.0,1.0,2.0,3,2011
120000000,17.246484,100.0,12.0,1.0,1.0,1,2015
45000000,7.288046,95.0,15.0,2.0,1.0,2,2003
14000000,6.892056,91.0,98.0,2.0,2.0,4,1991
8000000,11.23915,92.0,17.0,1.0,2.0,3,2009
10000000,6.452069,102.0,9.0,2.0,6.0,2,2011
5200000,1.891138,163.0,36.0,3.0,2.0,2,1998
4000000,10.067238,90.0,53.0,1.0,1.0,3,2017
3900000,0.562097,199.0,12.0,2.0,2.0,3,2000
5500000,1.250293,140.0,26.0,1.0,3.0,4,2013
25000000,6.710598,105.0,11.0,1.0,3.0,0,2010
40000000,13.043999,118.0,18.0,1.0,4.0,3,1990
63000000,8.863776,127.0,8.0,2.0,1.0,5,1993
5000000,5.957998,121.0,17.0,1.0,2.0,3,2016
2000000,2.812182,90.0,30.0,1.0,7.0,1,2004
38000000,6.456233,98.0,29.0,1.0,3.0,1,1997
15000000,1.158196,111.0,18.0,2.0,2.0,4,2001
30000000,9.128905,105.0,17.0,1.0,6.0,4,1997
48000000,7.198455,104.0,17.0,1.0,3.0,3,1993
50000000,17.887943,141.0,45.0,1.0,2.0,6,2014
6400000,19.293562,108.0,42.0,1.0,5.0,4,1984
750000,1.500013,98.0,12.0,1.0,2.0,3,2005
9000000,9.202416,84.0,10.0,1.0,2.0,2,2011
5000000,4.206655,119.0,23.0,4.0,4.0,3,2015
1000000,2.709403,109.0,18.0,1.0,1.0,2,1993
17820000,9.482248,94.0,32.0,3.0,1.0,1,2004
50000000,12.508518,99.0,19.0,1.0,2.0,2,1994
14000000,0.964715,94.0,50.0,1.0,3.0,2,2007
1300000,0.044561,135.0,25.0,1.0,2.0,4,2006
130000000,14.89499,120.0,7.0,1.0,3.0,2,2012
290000,0.140491,85.0,36.0,1.0,3.0,3,1928
190000000,27.275687,137.0,57.0,1.0,2.0,3,2015
2600000,13.233262,93.0,28.0,1.0,4.0,3,1974
250000,8.168456,68.0,17.0,2.0,2.0,3,1921
3000000,8.851646,161.0,17.0,1.0,2.0,4,1957
16000000,7.108555,87.0,21.0,1.0,3.0,3,2009
13400000,1.223071,100.0,16.0,1.0,1.0,4,2010
65000000,17.015539,104.0,15.0,1.0,3.0,3,1995
35000000,7.79014,122.0,19.0,1.0,3.0,1,2001
5000000,14.970485,97.0,7.0,1.0,3.0,3,2013
1070000,0.170074,95.0,42.0,1.0,3.0,4,1998
3000000,2.850011,89.0,20.0,2.0,8.0,2,2002
35000000,6.966505,110.0,18.0,1.0,4.0,2,2014
14600000,12.989627,101.0,26.0,1.0,6.0,3,1993
5000000,12.158424,110.0,58.0,1.0,2.0,1,2000
18000000,6.971611,80.0,16.0,1.0,3.0,2,2010
6000000,11.186981,105.0,15.0,1.0,1.0,2,2016
97000000,54.581997,137.0,7.0,1.0,1.0,2,2017
11000000,10.3919,118.0,12.0,1.0,3.0,3,1993
11000000,23.37742,117.0,13.0,3.0,4.0,3,1979
2500000,11.591462,119.0,13.0,1.0,3.0,2,1963
5000000,5.830675,99.0,25.0,2.0,3.0,4,1981
2159280,8.651053,80.0,14.0,1.0,2.0,4,2013
7000000,5.552946,112.0,18.0,1.0,1.0,1,1995
10831173,4.480723,106.0,16.0,3.0,1.0,4,2011
13360000,8.717661,118.0,6.0,9.0,6.0,1,2015
55000000,13.776068,134.0,14.0,1.0,7.0,2,2013
20000000,9.188583,113.0,9.0,1.0,3.0,3,2015
5000000,6.370495,113.0,19.0,1.0,2.0,2,1983
3500000,0.556435,90.0,12.0,3.0,3.0,1,1998
30000000,10.596719,107.0,50.0,1.0,8.0,4,2005
3800000,8.070589,126.0,23.0,2.0,4.0,2,1948
14000000,5.113573,149.0,36.0,1.0,2.0,2,2011
4000000,7.274237,115.0,7.0,1.0,3.0,3,2008
135000000,11.72545,134.0,8.0,1.0,3.0,1,2006
200000000,20.818907,109.0,16.0,1.0,2.0,2,2003
2700000,0.677253,117.0,21.0,2.0,3.0,3,1994
48000000,8.338222,147.0,19.0,2.0,5.0,3,2000
2000000,1.188935,89.0,30.0,1.0,4.0,3,2003
120000000,14.072511,142.0,8.0,2.0,3.0,1,2002
500000,2.317528,88.0,49.0,1.0,7.0,3,2007
4000000,5.681582,111.0,11.0,2.0,1.0,2,1986
1500000,8.708789,86.0,9.0,1.0,2.0,1,2007
19000000,2.824367,188.0,26.0,1.0,1.0,1,1964
6000000,4.619068,105.0,17.0,1.0,2.0,5,1990
50000000,9.645801,120.0,18.0,2.0,1.0,4,2002
70000000,8.919469,116.0,19.0,2.0,1.0,2,1999
6500000,0.877477,102.0,28.0,1.0,3.0,5,2011
1250000,12.74564,129.0,12.0,1.0,4.0,3,1972
3000000,8.733192,97.0,24.0,1.0,3.0,2,1988
60000000,7.094624,101.0,25.0,1.0,3.0,3,2008
30000000,11.552956,109.0,31.0,1.0,3.0,4,2005
200000000,13.67812,106.0,11.0,2.0,2.0,2,2008
130000000,12.204174,105.0,29.0,1.0,2.0,1,2014
15000000,9.747452,89.0,15.0,1.0,2.0,1,2009
9000000,1.494688,97.0,10.0,1.0,3.0,4,2005
1500000,6.939994,97.0,14.0,2.0,1.0,3,1989
4000000,3.92107,103.0,9.0,1.0,2.0,2,2008
17000000,12.494394,170.0,1.0,1.0,3.0,1,1964
3230939,1.937874,162.0,1.0,2.0,2.0,1,2009
14000000,12.243528,97.0,17.0,3.0,4.0,4,2000
9000000,9.51953,104.0,30.0,2.0,1.0,4,2016
16000000,6.493474,91.0,16.0,1.0,1.0,4,2007
170000000,21.259,125.0,27.0,1.0,5.0,2,2010
1549000,4.331811,107.0,14.0,4.0,3.0,2,2005
12000000,8.960713,93.0,15.0,2.0,1.0,1,2012
6500000,2.12989,104.0,12.0,1.0,1.0,2,1981
170000000,18.717704,136.0,8.0,1.0,2.0,2,2014
50000000,9.35239,101.0,34.0,1.0,4.0,2,2005
3700000,13.505066,98.0,44.0,1.0,4.0,3,2006
19000000,14.9837,96.0,14.0,1.0,2.0,2,2016
125000000,33.704935,110.0,21.0,1.0,4.0,2,2017
108000000,25.62993,141.0,17.0,1.0,5.0,1,2015
10000000,7.873018,137.0,10.0,1.0,1.0,2,1970
8000000,2.404818,115.0,18.0,4.0,7.0,3,1991
37000000,16.414239,108.0,27.0,1.0,1.0,2,1989
17000000,6.815147,171.0,19.0,1.0,4.0,3,1988
80000000,13.666488,90.0,29.0,3.0,4.0,2,2003
5000000,3.007842,98.0,18.0,3.0,3.0,2,2003
19800000,11.313659,103.0,37.0,1.0,1.0,5,2014
8000000,3.851653,112.0,16.0,1.0,2.0,3,2014
40000000,16.478036,138.0,23.0,2.0,1.0,3,2013
210000000,0.867943,104.0,35.0,1.0,3.0,3,2006
30000000,7.857666,115.0,21.0,1.0,7.0,1,2013
12000000,5.799628,119.0,20.0,1.0,3.0,3,2003
15000000,11.440948,100.0,9.0,1.0,5.0,3,2011
7000000,4.955317,103.0,30.0,1.0,1.0,2,2015
2300000,2.01799,107.0,9.0,1.0,3.0,3,1951
20000000,11.069679,133.0,15.0,1.0,1.0,1,2008
5000000,0.889745,110.0,110.0,1.0,4.0,2,1987
15000000,9.288013,99.0,34.0,1.0,3.0,4,2009
700000,8.407369,94.0,16.0,5.0,6.0,3,1958
35000000,8.33756,123.0,42.0,1.0,3.0,3,2008
7000000,7.523098,93.0,15.0,3.0,3.0,1,2005
105000000,13.99377,109.0,47.0,1.0,2.0,2,2008
80000000,11.35779,110.0,15.0,2.0,1.0,1,2008
3000000,0.702712,99.0,13.0,1.0,3.0,3,2010
48000000,6.74468,101.0,51.0,1.0,6.0,3,2010
30000000,12.840798,131.0,16.0,1.0,2.0,2,1985
180000000,11.481379,113.0,10.0,3.0,6.0,2,2007
6500000,4.136105,96.0,15.0,1.0,5.0,3,2004
56000000,5.374563,214.0,10.0,2.0,8.0,2,2003
12000000,16.415498,154.0,28.0,1.0,4.0,2,1997
12000000,9.363482,106.0,14.0,1.0,1.0,2,2015
5000000,8.898523,84.0,7.0,1.0,2.0,1,2014
31115000,8.591238,248.0,8.0,1.0,1.0,2,1963
65000000,9.170332,145.0,18.0,1.0,1.0,3,2008
28000000,9.765123,127.0,9.0,2.0,1.0,2,1981
26400000,4.330396,155.0,19.0,3.0,4.0,3,2010
25000000,11.872997,93.0,15.0,1.0,5.0,1,2006
28000000,8.808328,137.0,20.0,1.0,1.0,1,2013
65000000,13.268484,159.0,15.0,1.0,1.0,1,1999
175000000,9.156877,96.0,15.0,1.0,3.0,3,2007
83000000,6.053595,90.0,8.0,1.0,2.0,1,2000
40000000,10.395472,117.0,19.0,1.0,3.0,1,2014
28000000,13.162168,123.0,9.0,1.0,2.0,2,1998
10000000,5.402262,105.0,12.0,2.0,6.0,4,1991
20000000,12.392754,115.0,17.0,1.0,4.0,3,2008
1500000,6.241185,101.0,27.0,1.0,2.0,4,1984
30000000,5.188399,106.0,18.0,2.0,4.0,3,1995
1000000,2.392367,78.0,31.0,1.0,2.0,3,2006
40000000,7.15606,98.0,15.0,1.0,2.0,4,2004
1500000,4.173231,111.0,12.0,1.0,1.0,2,2005
25000000,1.862215,117.0,19.0,1.0,4.0,3,2009
5000000,8.966129,92.0,9.0,1.0,1.0,2,2016
35000000,10.08043,100.0,7.0,1.0,1.0,2,2008
6500000,9.3806,105.0,21.0,1.0,2.0,2,1980
40000000,12.330249,138.0,24.0,1.0,2.0,3,1992
855000,1.121417,96.0,15.0,2.0,4.0,2,1943
42000000,14.007329,104.0,14.0,1.0,4.0,1,1990
4000000,0.737602,90.0,13.0,1.0,3.0,2,1995
500000,1.946823,87.0,8.0,2.0,1.0,6,2012
24000000,9.526781,126.0,17.0,1.0,4.0,3,1999
28000000,8.318954,114.0,15.0,3.0,2.0,4,1988
9000000,15.236541,111.0,46.0,1.0,6.0,3,1985
58000000,9.508061,127.0,17.0,1.0,1.0,4,1984
85000000,8.338675,115.0,12.0,1.0,3.0,3,2012
8500000,6.911759,90.0,17.0,1.0,1.0,3,2014
9000000,0.941383,100.0,16.0,2.0,2.0,4,1984
120000000,3.918287,126.0,13.0,1.0,2.0,4,2013
5952000,7.945039,87.0,12.0,1.0,2.0,3,1983
2300000,4.806374,100.0,58.0,3.0,2.0,2,1979
2000000,0.74156,207.0,12.0,2.0,2.0,2,2011
80000000,10.385757,114.0,19.0,1.0,3.0,1,2016
10000000,1.192891,85.0,12.0,1.0,2.0,5,2009
40000000,9.800232,117.0,10.0,2.0,1.0,3,2000
11715578,6.004257,108.0,15.0,1.0,5.0,2,2008
10000000,5.872794,83.0,16.0,2.0,3.0,2,2011
54000000,10.301621,127.0,5.0,2.0,3.0,2,1980
70000000,9.756289,104.0,10.0,1.0,3.0,2,2008
1379375,2.214179,108.0,3.0,1.0,1.0,2,2015
40000000,11.690781,140.0,22.0,1.0,7.0,3,2010
10000000,5.611184,104.0,24.0,1.0,3.0,2,1988
1900000,2.004745,123.0,14.0,3.0,3.0,4,2005
5000000,6.199806,88.0,12.0,1.0,2.0,2,1988
37000000,3.742824,118.0,25.0,4.0,2.0,4,1997
4000000,0.372987,160.0,15.0,1.0,3.0,2,2011
67000000,11.845918,101.0,19.0,1.0,1.0,4,1996
65000000,13.257467,120.0,6.0,1.0,3.0,3,2015
50000000,18.022579,144.0,16.0,1.0,2.0,3,2016
19000000,4.347079,105.0,15.0,2.0,3.0,3,1997
60000000,13.469862,100.0,16.0,1.0,2.0,2,2003
27000000,12.851984,100.0,45.0,1.0,2.0,3,1998
10000000,10.414363,90.0,10.0,3.0,2.0,4,2001
35000000,13.495247,93.0,105.0,1.0,5.0,1,1998
80000000,5.228837,99.0,16.0,1.0,3.0,2,2007
4000000,2.148655,90.0,18.0,1.0,3.0,2,2002
1114000,2.886254,99.0,10.0,1.0,2.0,3,1933
5000000,0.191539,113.0,61.0,1.0,3.0,3,2002
5000000,0.011574,83.0,7.0,1.0,1.0,3,1989
30000000,12.308007,107.0,14.0,2.0,2.0,2,1989
45000000,10.869056,83.0,20.0,1.0,3.0,3,2001
100000000,16.382422,180.0,13.0,1.0,1.0,1,2013
40000000,6.715263,110.0,13.0,1.0,1.0,1,2010
25000000,51.645403,142.0,13.0,1.0,2.0,2,1994
15000000,7.06378,106.0,9.0,2.0,3.0,1,2012
170000000,53.291601,121.0,16.0,1.0,5.0,1,2014
35000000,7.102076,91.0,25.0,1.0,2.0,3,2007
42000000,10.528173,102.0,12.0,1.0,2.0,2,2012
20000000,10.044642,96.0,11.0,1.0,2.0,3,2009
3196621,6.704659,116.0,16.0,1.0,1.0,2,2015
1000000,7.314536,95.0,9.0,2.0,2.0,3,1985
440141,0.815203,160.0,6.0,1.0,4.0,4,2007
18000000,8.868558,129.0,5.0,1.0,2.0,2,1980
13000000,14.310479,84.0,29.0,3.0,8.0,1,1990
1200000,8.699428,100.0,11.0,2.0,3.0,3,1975
2000000,0.632261,106.0,27.0,1.0,4.0,1,1938
32000000,5.575992,123.0,12.0,2.0,2.0,2,1996
207000000,19.761164,187.0,24.0,1.0,2.0,2,2005
52000000,18.761467,140.0,15.0,2.0,1.0,5,1995
120000,0.485424,130.0,20.0,2.0,1.0,5,2012
15000000,11.672701,126.0,22.0,1.0,4.0,6,1987
25000000,4.439325,102.0,7.0,1.0,5.0,2,2002
60000000,0.452934,97.0,15.0,1.0,1.0,2,2010
8000000,12.357072,97.0,15.0,1.0,4.0,2,2009
130000000,19.201504,107.0,24.0,1.0,5.0,3,2011
75000000,11.34706,138.0,7.0,1.0,2.0,1,2002
2627000,0.662665,120.0,48.0,4.0,2.0,4,1944
8000000,6.167646,104.0,10.0,4.0,1.0,3,2011
53000000,11.911173,94.0,17.0,1.0,1.0,3,1997
4000000,11.457298,93.0,10.0,1.0,1.0,2,1979
40000000,5.361771,111.0,11.0,1.0,5.0,2,2015
134000,5.110716,73.0,52.0,3.0,6.0,4,1942
18000000,8.435642,126.0,1.0,1.0,1.0,3,2007
40000000,11.100597,119.0,13.0,1.0,1.0,5,2005
105000000,10.640864,105.0,22.0,3.0,2.0,2,2013
28000000,10.850442,128.0,10.0,4.0,2.0,2,2013
35000000,7.85217,101.0,11.0,4.0,3.0,3,2008
40000000,9.738371,116.0,14.0,1.0,5.0,1,2000
75000000,20.40426,108.0,13.0,3.0,2.0,3,2004
25000000,6.636514,100.0,60.0,4.0,1.0,3,2014
44000000,14.526049,112.0,16.0,1.0,2.0,3,2014
2000000,5.958138,154.0,21.0,1.0,4.0,3,2000
40000000,8.695893,87.0,66.0,3.0,8.0,2,2009
2000000,2.894009,87.0,23.0,1.0,4.0,4,1984
7500000,6.11959,97.0,28.0,1.0,5.0,3,2005
25000000,10.653446,98.0,20.0,1.0,5.0,1,1989
50000000,6.506572,121.0,41.0,1.0,3.0,1,2006
1000000,0.594488,112.0,24.0,2.0,3.0,3,2007
2900000,7.202832,86.0,16.0,1.0,5.0,3,2013
17000000,7.290872,113.0,4.0,1.0,3.0,0,1987
29000000,8.843365,102.0,15.0,3.0,3.0,2,2003
11000000,5.304376,107.0,23.0,1.0,5.0,2,1989
2000000,2.186683,96.0,7.0,1.0,1.0,2,2002
6000000,5.648114,97.0,19.0,1.0,3.0,4,1986
15000000,9.117934,121.0,54.0,1.0,1.0,2,2005
5000000,8.698043,104.0,26.0,1.0,2.0,3,2013
1243000,3.803268,106.0,6.0,1.0,3.0,1,1948
50000000,12.280827,101.0,61.0,2.0,2.0,2,2001
10000000,1.145806,98.0,30.0,1.0,4.0,4,1993
40000000,5.446745,91.0,58.0,2.0,7.0,2,2012
67000000,8.920545,102.0,23.0,1.0,3.0,3,2007
140000000,47.326665,143.0,27.0,1.0,3.0,5,2003
120000,5.648187,97.0,8.0,2.0,3.0,5,1964
550000,12.146747,95.0,30.0,2.0,3.0,5,1980
13500000,8.995603,124.0,24.0,1.0,1.0,2,2013
134005,2.003832,104.0,19.0,1.0,1.0,2,2011
9900000,25.869883,88.0,22.0,1.0,3.0,3,2016
15000000,11.247957,86.0,55.0,1.0,8.0,1,1994
8000000,5.284805,91.0,32.0,1.0,3.0,3,2006
531374,7.970462,96.0,15.0,1.0,3.0,4,1939
8000000,4.518646,99.0,13.0,3.0,1.0,2,2007
50000000,16.15818,110.0,15.0,1.0,2.0,3,2005
5000000,8.591834,121.0,36.0,4.0,2.0,2,1985
3000000,1.036233,157.0,18.0,1.0,1.0,4,2010
135000000,12.130127,128.0,23.0,1.0,1.0,3,1999
9000000,6.842274,119.0,16.0,3.0,5.0,1,1976
15000000,6.777326,97.0,43.0,1.0,7.0,1,2012
100000000,6.919314,115.0,33.0,2.0,3.0,3,1996
31000000,6.49968,117.0,35.0,1.0,3.0,3,1996
21000000,14.074906,117.0,17.0,1.0,2.0,1,2002
12000000,11.110376,197.0,15.0,1.0,1.0,3,1960
70000000,10.978188,120.0,4.0,1.0,2.0,2,2013
10000000,6.589304,105.0,12.0,1.0,4.0,4,2005
33000000,12.237571,98.0,44.0,1.0,2.0,1,2016
160000000,11.268531,121.0,29.0,1.0,2.0,2,1997
200000000,185.330992,137.0,0.0,2.0,3.0,3,2017
60000000,8.142251,87.0,23.0,1.0,4.0,3,2001
7000000,11.370288,164.0,10.0,1.0,3.0,6,1988
20000000,14.27281,86.0,11.0,2.0,1.0,4,2013
27000000,10.956665,101.0,30.0,1.0,1.0,3,2002
24000000,13.765241,89.0,26.0,1.0,3.0,5,2007
42000000,5.510805,100.0,8.0,2.0,1.0,4,2010
160000000,12.643312,132.0,29.0,2.0,5.0,4,2004
380000000,27.88772,136.0,18.0,1.0,5.0,5,2011
25000000,6.036408,113.0,27.0,1.0,5.0,3,2009
1700000,12.843375,88.0,15.0,1.0,2.0,2,1972
60000000,8.581558,113.0,31.0,1.0,2.0,3,2013
30000000,19.511221,121.0,39.0,1.0,3.0,2,2015
2000000,10.650752,128.0,16.0,3.0,5.0,3,1960
5000000,5.874458,88.0,21.0,2.0,2.0,4,2013
8000000,9.631158,90.0,21.0,1.0,2.0,4,1988
3200000,11.504558,136.0,23.0,5.0,3.0,2,1968
40000000,7.622875,99.0,26.0,1.0,2.0,2,2006
5000000,0.414793,0.0,34.0,1.0,6.0,3,2006
27000000,7.436001,80.0,23.0,2.0,3.0,0,1994
10000000,4.468247,84.0,23.0,2.0,3.0,0,2007
3000000,0.878255,99.0,23.0,2.0,3.0,0,2008
14000000,9.071127,100.0,23.0,2.0,3.0,0,1995
68000000,7.694847,136.0,23.0,2.0,3.0,0,2003
8000000,15.206957,89.0,23.0,2.0,3.0,0,1986
50000000,6.936677,119.0,23.0,2.0,3.0,0,2004
3500159,6.262677,112.0,23.0,2.0,3.0,0,2002
11000000,11.333125,106.0,23.0,2.0,3.0,0,1984
600000,6.854576,95.0,23.0,2.0,3.0,0,1994
60000000,12.975936,124.0,23.0,2.0,3.0,0,2015
14000000,14.443362,108.0,23.0,2.0,3.0,0,2014
50000000,15.874491,107.0,23.0,2.0,3.0,0,1996
103000000,25.085639,100.0,23.0,2.0,3.0,0,2013
658000,9.072006,90.0,23.0,2.0,3.0,0,1953
4000000,11.223033,118.0,23.0,2.0,3.0,0,2015
2500000,0.46335,100.0,23.0,2.0,3.0,0,2007
24000000,12.596956,119.0,23.0,2.0,3.0,0,1986
22000000,7.106954,106.0,23.0,2.0,3.0,0,1987
5300000,5.94395,122.0,23.0,2.0,3.0,0,2002
12000000,6.631356,93.0,23.0,2.0,3.0,0,2002
20000000,6.372278,124.0,23.0,2.0,3.0,0,2003
72000000,9.807552,131.0,23.0,2.0,3.0,0,2001
25000000,12.602438,138.0,23.0,2.0,3.0,0,2003
70000000,14.116474,125.0,23.0,2.0,3.0,0,2002
13000000,10.098539,107.0,23.0,2.0,3.0,0,2013
47000000,11.618792,154.0,23.0,2.0,3.0,0,1992
10000000,7.807741,89.0,23.0,2.0,3.0,0,1999
5000000,3.621052,116.0,23.0,2.0,3.0,0,1998
4500000,0.313032,142.0,23.0,2.0,3.0,0,1954
1688000,5.076649,133.0,23.0,2.0,3.0,0,1939
44000000,6.273131,99.0,23.0,2.0,3.0,0,2010
36000000,8.970494,105.0,23.0,2.0,3.0,0,2015
10000000,8.278525,101.0,23.0,2.0,3.0,0,2004
27000000,11.953822,98.0,23.0,2.0,3.0,0,2016
5800000,4.412564,133.0,23.0,2.0,3.0,0,1964
3500000,0.524653,95.0,23.0,2.0,3.0,0,2014
20000000,6.916201,105.0,23.0,2.0,3.0,0,2006
80000000,15.001681,126.0,23.0,2.0,3.0,0,1992
7000000,5.799861,95.0,23.0,2.0,3.0,0,2013
70000000,12.687521,87.0,23.0,2.0,3.0,0,2016
40000000,10.829432,109.0,23.0,2.0,3.0,0,2009
6500000,9.785147,112.0,23.0,2.0,3.0,0,2004
20000000,2.651408,114.0,23.0,2.0,3.0,0,1998
65000000,12.954444,113.0,23.0,2.0,3.0,0,1990
300000000,31.363664,169.0,23.0,2.0,3.0,0,2007
2200000,6.127903,99.0,23.0,2.0,3.0,0,1970
20000000,8.772263,95.0,23.0,2.0,3.0,0,2012
8272296,10.000915,101.0,23.0,2.0,3.0,0,1999
15000000,7.050403,116.0,23.0,2.0,3.0,0,2006
38000000,7.824962,114.0,23.0,2.0,3.0,0,2010
8000000,10.428421,90.0,23.0,2.0,3.0,0,2015
40000000,9.389354,109.0,23.0,2.0,3.0,0,2014
8700000,11.643026,100.0,23.0,2.0,3.0,0,2006
3000000,6.070216,123.0,23.0,2.0,3.0,0,2009
7000000,5.633243,110.0,23.0,2.0,3.0,0,2010
5000000,3.334353,110.0,23.0,2.0,3.0,0,2008
15000000,7.729445,183.0,23.0,2.0,3.0,0,1978
10000000,7.064982,95.0,23.0,2.0,3.0,0,1999
2000000,6.857318,118.0,23.0,2.0,3.0,0,1947
200000,0.917777,105.0,23.0,2.0,3.0,0,2016
85000000,1.498902,107.0,23.0,2.0,3.0,0,2009
12000000,11.283472,123.0,23.0,2.0,3.0,0,2002
2160000,0.230534,119.0,23.0,2.0,3.0,0,1945
15000000,13.389735,98.0,23.0,2.0,3.0,0,2008
21000000,3.030309,115.0,23.0,2.0,3.0,0,1995
30000000,14.313079,107.0,23.0,2.0,3.0,0,2010
9000000,1.818296,130.0,23.0,2.0,3.0,0,2010
12000000,16.243093,120.0,23.0,2.0,3.0,0,1984
1000000,0.04586,124.0,23.0,2.0,3.0,0,1993
23000000,1.914881,104.0,23.0,2.0,3.0,0,1990
19500000,5.326716,172.0,23.0,2.0,3.0,0,2013
2000000,12.805294,108.0,23.0,2.0,3.0,0,2010
12000000,13.300519,131.0,23.0,2.0,3.0,0,1967
40000000,9.649303,157.0,23.0,2.0,3.0,0,2012
19000000,9.801967,113.0,23.0,2.0,3.0,0,1989
15000000,9.020372,124.0,23.0,2.0,3.0,0,2005
25000000,13.083718,108.0,23.0,2.0,3.0,0,2004
20000000,7.120403,105.0,23.0,2.0,3.0,0,2010
33000000,7.781293,100.0,23.0,2.0,3.0,0,2002
15000000,8.735448,126.0,23.0,2.0,3.0,0,2007
19000000,13.088552,90.0,23.0,2.0,3.0,0,2005
11000000,7.250134,106.0,23.0,2.0,3.0,0,2008
7000000,6.01272,114.0,23.0,2.0,3.0,0,2005
90000000,8.184815,96.0,23.0,2.0,3.0,0,1995
3800000,2.894924,84.0,23.0,2.0,3.0,0,2009
56000000,12.136158,109.0,23.0,2.0,3.0,0,2013
15000000,5.952494,107.0,23.0,2.0,3.0,0,1988
500000,0.370114,157.0,23.0,2.0,3.0,0,1995
70000000,9.963079,127.0,23.0,2.0,3.0,0,2000
20000000,5.970067,128.0,23.0,2.0,3.0,0,2007
30000000,10.25103,108.0,23.0,2.0,3.0,0,2001
500000,8.212399,110.0,23.0,2.0,3.0,0,1973
4500000,5.69684,117.0,23.0,2.0,3.0,0,2004
1700000,6.115299,77.0,23.0,2.0,3.0,0,2009
8000000,6.230854,124.0,23.0,2.0,3.0,0,1992
60000000,15.037993,99.0,23.0,2.0,3.0,0,2016
10000000,11.119593,111.0,23.0,2.0,3.0,0,2007
8000000,7.321152,66.0,23.0,2.0,3.0,0,2016
100000000,8.903754,95.0,23.0,2.0,3.0,0,2002
10000000,6.063809,100.0,23.0,2.0,3.0,0,2007
17000000,5.498819,98.0,23.0,2.0,3.0,0,2011
6000000,11.461437,90.0,23.0,2.0,3.0,0,1985
22000000,9.409701,115.0,23.0,2.0,3.0,0,2006
75000000,7.762917,104.0,23.0,2.0,3.0,0,2011
18000000,1.377993,151.0,23.0,2.0,3.0,0,2015
12823507,2.981184,110.0,23.0,2.0,3.0,0,2016
23000000,3.612089,76.0,23.0,2.0,3.0,0,1994
24000000,16.195894,91.0,23.0,2.0,3.0,0,2003
16000000,2.890462,97.0,23.0,2.0,3.0,0,1997
18000000,88.439243,110.0,23.0,2.0,3.0,0,2017
400000,0.038876,80.0,23.0,2.0,3.0,0,2008
90000000,8.684892,114.0,23.0,2.0,3.0,0,2013
85000000,8.326699,88.0,23.0,2.0,3.0,0,2008
60000000,13.155901,103.0,23.0,2.0,3.0,0,1998
2380000,2.514638,101.0,23.0,2.0,3.0,0,2006
12000000,15.698433,151.0,23.0,2.0,3.0,0,1973
48000000,10.639244,143.0,23.0,2.0,3.0,0,1991
35000000,6.90658,87.0,23.0,2.0,3.0,0,2015
7000000,3.132019,100.0,23.0,2.0,3.0,0,1983
1227401,8.319631,100.0,23.0,2.0,3.0,0,1991
2200000,17.112594,136.0,23.0,2.0,3.0,0,1971
12156348,5.662109,98.0,23.0,2.0,3.0,0,2016
30000000,10.901355,99.0,23.0,2.0,3.0,0,2008
13000000,7.421245,105.0,23.0,2.0,3.0,0,2011
5500000,6.149295,120.0,23.0,2.0,3.0,0,2014
24000000,11.666172,91.0,23.0,2.0,3.0,0,1988
24000000,11.184385,137.0,23.0,2.0,3.0,0,1991
24000000,8.407519,146.0,23.0,2.0,3.0,0,1969
1500000,7.081404,104.0,23.0,2.0,3.0,0,2013
20000000,2.582818,105.0,23.0,2.0,3.0,0,2006
1805000,12.90707,98.0,23.0,2.0,3.0,0,1953
195000000,4.503505,154.0,23.0,2.0,3.0,0,2011
75000000,6.303466,110.0,23.0,2.0,3.0,0,2011
79000000,9.645543,154.0,23.0,2.0,3.0,0,2003
58000000,187.860492,108.0,23.0,2.0,3.0,0,2016
15000000,10.627364,92.0,23.0,2.0,3.0,0,1988
45000000,8.279285,101.0,23.0,2.0,3.0,0,2012
6200000,1.077252,113.0,23.0,2.0,3.0,0,2010
6400000,12.203066,99.0,23.0,2.0,3.0,0,2011
9500000,10.359669,117.0,23.0,2.0,3.0,0,1967
10000000,8.406056,100.0,23.0,2.0,3.0,0,2008
63000000,63.869599,139.0,23.0,2.0,3.0,0,1999
3000000,2.395067,91.0,23.0,2.0,3.0,0,1960
30000000,12.09096,110.0,23.0,2.0,3.0,0,1996
14000000,6.081401,99.0,23.0,2.0,3.0,0,1998
500000,1.640271,90.0,23.0,2.0,3.0,0,2008
350000,1.553107,96.0,23.0,2.0,3.0,0,1985
60000000,5.460942,140.0,23.0,2.0,3.0,0,2006
10000000,10.770928,178.0,23.0,2.0,3.0,0,1962
25000000,16.816834,127.0,23.0,2.0,3.0,0,2016
8000000,12.137595,122.0,23.0,2.0,3.0,0,1973
23000000,7.06088,93.0,23.0,2.0,3.0,0,2006
28000000,15.802306,118.0,23.0,2.0,3.0,0,1984
7000000,6.657792,123.0,23.0,2.0,3.0,0,1974
8376800,12.237488,213.0,23.0,2.0,3.0,0,2008
12000000,3.223039,97.0,23.0,2.0,3.0,0,2004
20000000,18.157166,119.0,23.0,2.0,3.0,0,1998
65000000,9.782014,100.0,23.0,2.0,3.0,0,1991
225000000,18.538834,143.0,23.0,2.0,3.0,0,2013
15000000,6.557426,92.0,23.0,2.0,3.0,0,2001
45000000,6.287245,113.0,23.0,2.0,3.0,0,1996
50000000,9.092925,89.0,23.0,2.0,3.0,0,2014
70000000,7.739633,134.0,23.0,2.0,3.0,0,2006
150000000,7.739904,99.0,23.0,2.0,3.0,0,2012
40000000,8.142089,123.0,23.0,2.0,3.0,0,2009
12000000,11.213913,123.0,23.0,2.0,3.0,0,2013
2500000,12.525758,89.0,23.0,2.0,3.0,0,2010
60000000,7.667874,101.0,23.0,2.0,3.0,0,2007
2300000,1.970054,155.0,23.0,2.0,3.0,0,2008
25000000,7.857078,119.0,23.0,2.0,3.0,0,2007
13000000,1.296862,91.0,23.0,2.0,3.0,0,1996
4000000,10.936827,104.0,23.0,2.0,3.0,0,2002
8000000,5.000657,129.0,23.0,2.0,3.0,0,2010
90000000,12.980624,94.0,23.0,2.0,3.0,0,2009
30000000,6.793972,109.0,23.0,2.0,3.0,0,2009
7500000,0.494047,155.0,23.0,2.0,3.0,0,2010
5500000,10.517835,130.0,23.0,2.0,3.0,0,1965
5000000,4.281103,129.0,23.0,2.0,3.0,0,2002
35000000,9.576745,88.0,23.0,2.0,3.0,0,2001
60000000,15.904834,133.0,23.0,2.0,3.0,0,2010
80000000,8.772188,117.0,23.0,2.0,3.0,0,1996
18000000,6.108646,111.0,23.0,2.0,3.0,0,2013
60000000,6.710215,109.0,23.0,2.0,3.0,0,1994
60000000,10.776138,101.0,23.0,2.0,3.0,0,2004
47000000,5.507082,125.0,23.0,2.0,3.0,0,1990
37000000,13.081203,125.0,23.0,2.0,3.0,0,2010
2500000,5.46567,102.0,23.0,2.0,3.0,0,2012
4000000,14.171675,111.0,23.0,2.0,3.0,0,2016
16000000,5.857368,91.0,23.0,2.0,3.0,0,1991
32000000,7.177649,129.0,23.0,2.0,3.0,0,2000
20000000,6.312206,90.0,23.0,2.0,3.0,0,2009
60000000,11.970205,123.0,23.0,2.0,3.0,0,1994
65000000,5.627787,93.0,23.0,2.0,3.0,0,2012
3400000,0.40319,112.0,23.0,2.0,3.0,0,1985
2500000,11.898793,99.0,23.0,2.0,3.0,0,2015
3000000,12.416635,100.0,23.0,2.0,3.0,0,1971
35000000,13.492845,108.0,23.0,2.0,3.0,0,1995
55000000,6.709803,134.0,23.0,2.0,3.0,0,1996
4000000,7.959965,103.0,23.0,2.0,3.0,0,2009
500000,0.493342,157.0,23.0,2.0,3.0,0,1999
60000000,7.493615,105.0,23.0,2.0,3.0,0,1999
15000000,5.951492,90.0,23.0,2.0,3.0,0,2002
17000000,2.972529,154.0,23.0,2.0,3.0,0,1963
40000000,14.767317,134.0,23.0,2.0,3.0,0,2016
4300000,3.699552,149.0,23.0,2.0,3.0,0,2016
120000000,18.911961,130.0,23.0,2.0,3.0,0,2000
6400000,9.57874,107.0,23.0,2.0,3.0,0,1986
50000000,5.852263,110.0,23.0,2.0,3.0,0,2002
27000000,11.15092,110.0,23.0,2.0,3.0,0,2006
3000000,4.947043,95.0,23.0,2.0,3.0,0,1984
50000000,8.176147,98.0,23.0,2.0,3.0,0,2009
68000000,34.047399,124.0,23.0,2.0,3.0,0,2010
16000000,15.133316,91.0,23.0,2.0,3.0,0,1988
4500000,4.31583,116.0,23.0,2.0,3.0,0,1956
7500000,11.791591,96.0,23.0,2.0,3.0,0,2007
60000000,12.149946,120.0,23.0,2.0,3.0,0,2001
35000000,13.349518,106.0,23.0,2.0,3.0,0,2000
1821052,11.046411,111.0,23.0,2.0,3.0,0,1951
37000000,6.695229,113.0,23.0,2.0,3.0,0,2011
15000000,7.665431,89.0,23.0,2.0,3.0,0,2004
58000000,0.393865,119.0,23.0,2.0,3.0,0,2013
50000000,19.638605,106.0,23.0,2.0,3.0,0,2012
14000000,2.308846,104.0,23.0,2.0,3.0,0,2005
100000000,11.913405,102.0,23.0,2.0,3.0,0,2013
25000000,11.556484,129.0,23.0,2.0,3.0,0,2005
1900000,0.653271,102.0,23.0,2.0,3.0,0,2000
18000000,12.682927,112.0,23.0,2.0,3.0,0,2016
22000000,11.654349,181.0,23.0,2.0,3.0,0,1990
19000000,8.132811,97.0,23.0,2.0,3.0,0,2011
37000000,8.451297,105.0,23.0,2.0,3.0,0,2015
18000000,7.471655,103.0,23.0,2.0,3.0,0,1986
25000000,6.497591,115.0,23.0,2.0,3.0,0,1996
85000000,10.175503,108.0,23.0,2.0,3.0,0,2002
2500000,3.084426,110.0,23.0,2.0,3.0,0,1979
28000000,7.058599,98.0,23.0,2.0,3.0,0,2001
175000000,12.319595,93.0,23.0,2.0,3.0,0,2015
500000,8.398158,93.0,23.0,2.0,3.0,0,2002
132000000,22.201607,92.0,23.0,2.0,3.0,0,2014
30000000,8.205448,90.0,23.0,2.0,3.0,0,1995
24000000,6.253084,93.0,23.0,2.0,3.0,0,2009
70000000,9.353499,115.0,23.0,2.0,3.0,0,1998
6400000,7.950488,144.0,23.0,2.0,3.0,0,2012
30000000,9.591425,133.0,23.0,2.0,3.0,0,2010
43000000,13.802674,97.0,23.0,2.0,3.0,0,2005
125000000,14.924487,139.0,23.0,2.0,3.0,0,2014
120000000,7.134168,135.0,23.0,2.0,3.0,0,2008
1202007,6.360746,103.0,23.0,2.0,3.0,0,1945
23600000,11.063029,88.0,23.0,2.0,3.0,0,2009
22000000,28.176992,91.0,23.0,2.0,3.0,0,2017
6400000,7.506958,86.0,23.0,2.0,3.0,0,1995
135000,0.588872,94.0,23.0,2.0,3.0,0,2010
1200000,1.472463,114.0,23.0,2.0,3.0,0,2013
500000,5.85469,88.0,23.0,2.0,3.0,0,2003
2500000,6.357321,128.0,23.0,2.0,3.0,0,1987
35000000,12.201954,127.0,23.0,2.0,3.0,0,1997
3500000,0.884241,0.0,23.0,2.0,3.0,0,2010
30000000,12.199047,133.0,23.0,2.0,3.0,0,1994
25000000,5.282976,107.0,23.0,2.0,3.0,0,2010
3500000,14.56965,91.0,23.0,2.0,3.0,0,1995
12500000,6.82647,101.0,23.0,2.0,3.0,0,2011
2000000,7.659357,120.0,23.0,2.0,3.0,0,2005
4317946,12.452985,106.0,23.0,2.0,3.0,0,2011
8000000,6.712894,98.0,23.0,2.0,3.0,0,2010
1800000,0.474578,93.0,23.0,2.0,3.0,0,2013
25000000,13.018491,89.0,23.0,2.0,3.0,0,1998
18000000,7.536295,108.0,23.0,2.0,3.0,0,1981
55000000,17.618057,132.0,23.0,2.0,3.0,0,2014
6600000,8.151346,124.0,23.0,2.0,3.0,0,2014
32745300,17.958512,117.0,23.0,2.0,3.0,0,2017
97250400,9.671944,116.0,23.0,2.0,3.0,0,2008
90000000,13.116461,113.0,23.0,2.0,3.0,0,2008
950000,0.820911,76.0,23.0,2.0,3.0,0,1973
23000000,5.810716,134.0,23.0,2.0,3.0,0,1976
31000000,5.443097,122.0,23.0,2.0,3.0,0,1989
3600000,13.520764,84.0,23.0,2.0,3.0,0,1987
6000000,3.554491,96.0,23.0,2.0,3.0,0,1983
47000000,10.642824,99.0,23.0,2.0,3.0,0,2002
10000000,6.435926,91.0,23.0,2.0,3.0,0,1983
4000000,6.430591,164.0,23.0,2.0,3.0,0,2014
6000000,3.189566,131.0,23.0,2.0,3.0,0,1972
25000000,3.240624,128.0,23.0,2.0,3.0,0,1970
70000000,13.842333,110.0,23.0,2.0,3.0,0,2007
15000000,6.259433,133.0,23.0,2.0,3.0,0,1994
250000000,23.253089,169.0,23.0,2.0,3.0,0,2012
8000000,0.860734,124.0,23.0,2.0,3.0,0,2005
75000000,6.353996,89.0,23.0,2.0,3.0,0,2001
80000000,10.364794,140.0,23.0,2.0,3.0,0,2009
21500000,31.314013,98.0,23.0,2.0,3.0,0,2016
6900000,4.0315,162.0,23.0,2.0,3.0,0,2000
103000,5.194433,104.0,23.0,2.0,3.0,0,2012
35000000,11.418802,134.0,23.0,2.0,3.0,0,2012
3500000,5.899155,106.0,23.0,2.0,3.0,0,2010
50000000,14.327717,98.0,23.0,2.0,3.0,0,2003
45000000,14.547939,133.0,23.0,2.0,3.0,0,2016
18000000,6.197298,105.0,23.0,2.0,3.0,0,1984
150000000,11.379355,101.0,23.0,2.0,3.0,0,2007
30000000,6.418936,106.0,23.0,2.0,3.0,0,2001
80000000,11.054251,88.0,23.0,2.0,3.0,0,1996
13000000,1.386549,89.0,23.0,2.0,3.0,0,1992
4500000,12.449574,108.0,23.0,2.0,3.0,0,1996
30000000,18.502877,79.0,23.0,2.0,3.0,0,2009
4200000,7.42908,132.0,23.0,2.0,3.0,0,2006
25000000,6.753969,95.0,23.0,2.0,3.0,0,2002
200000000,14.477677,97.0,23.0,2.0,3.0,0,2016
7400000,2.37252,193.0,23.0,2.0,3.0,0,2006
35000000,7.219935,96.0,23.0,2.0,3.0,0,2007
25000000,13.06943,136.0,23.0,2.0,3.0,0,1998
6000000,5.598338,99.0,23.0,2.0,3.0,0,2008
11000000,1.812728,128.0,23.0,2.0,3.0,0,2015
12000000,11.516965,102.0,23.0,2.0,3.0,0,1988
165000000,14.27536,100.0,23.0,2.0,3.0,0,2004
37000000,4.209701,127.0,23.0,2.0,3.0,0,2015
1200000,6.486126,96.0,23.0,2.0,3.0,0,1998
2200000,6.632663,118.0,23.0,2.0,3.0,0,1971
250000,4.297654,62.0,23.0,2.0,3.0,0,2011
1500000,2.627643,90.0,23.0,2.0,3.0,0,2010
1500000,7.248676,80.0,23.0,2.0,3.0,0,1948
20000000,9.704289,89.0,23.0,2.0,3.0,0,2005
2000000,6.640704,95.0,23.0,2.0,3.0,0,2015
15000000,13.310556,108.0,23.0,2.0,3.0,0,2014
3000000,8.480501,107.0,23.0,2.0,3.0,0,1974
30000000,5.025475,125.0,23.0,2.0,3.0,0,2006
1350000,4.60786,105.0,23.0,2.0,3.0,0,1998
35000000,6.71898,105.0,23.0,2.0,3.0,0,2005
35000000,8.355977,112.0,23.0,2.0,3.0,0,1999
25000000,3.372523,93.0,23.0,2.0,3.0,0,1993
12000000,6.498789,102.0,23.0,2.0,3.0,0,2002
850000,1.094395,109.0,23.0,2.0,3.0,0,1982
13000000,8.736869,106.0,23.0,2.0,3.0,0,1998
90000000,12.978751,132.0,23.0,2.0,3.0,0,1998
70000000,15.57784,109.0,23.0,2.0,3.0,0,1997
20000000,2.321394,91.0,23.0,2.0,3.0,0,2011
80000000,7.634017,103.0,23.0,2.0,3.0,0,1999
5000000,2.06528,84.0,23.0,2.0,3.0,0,2006
13500000,5.387711,124.0,23.0,2.0,3.0,0,2000
475000,9.00314,110.0,23.0,2.0,3.0,0,2005
30000000,14.443599,113.0,23.0,2.0,3.0,0,2011
28000000,4.512767,119.0,23.0,2.0,3.0,0,1999
49000000,9.769047,87.0,23.0,2.0,3.0,0,2001
14000000,6.573364,88.0,23.0,2.0,3.0,0,1987
30000000,13.194168,127.0,23.0,2.0,3.0,0,2004
13000000,12.989056,108.0,23.0,2.0,3.0,0,2010
8500000,10.222143,92.0,23.0,2.0,3.0,0,2016
25000000,4.257516,93.0,23.0,2.0,3.0,0,1997
15000000,5.984133,101.0,23.0,2.0,3.0,0,1984
197471676,15.262706,137.0,23.0,2.0,3.0,0,2017
5000000,36.894806,104.0,23.0,2.0,3.0,0,2017
60000000,11.953553,105.0,23.0,2.0,3.0,0,2005
1000000,10.07817,82.0,23.0,2.0,3.0,0,2015
852510,9.990406,113.0,23.0,2.0,3.0,0,2007
700000,7.948581,103.0,23.0,2.0,3.0,0,2015
102000000,13.494246,172.0,23.0,2.0,3.0,0,2012
80000000,8.534176,106.0,23.0,2.0,3.0,0,2000
13000000,8.502529,94.0,23.0,2.0,3.0,0,2002
10000000,1.942945,98.0,23.0,2.0,3.0,0,1990
26000000,13.795875,100.0,23.0,2.0,3.0,0,2010
50000000,10.901496,112.0,23.0,2.0,3.0,0,2014
70000000,7.513067,111.0,23.0,2.0,3.0,0,2011
75000000,6.540621,100.0,23.0,2.0,3.0,0,2010
37000000,7.558125,96.0,23.0,2.0,3.0,0,2008
105000000,14.412644,129.0,23.0,2.0,3.0,0,1997
145000000,14.25843,133.0,23.0,2.0,3.0,0,2011
65000000,12.366641,103.0,23.0,2.0,3.0,0,2012
1455000,6.229674,113.0,23.0,2.0,3.0,0,1968
7000000,9.218164,97.0,23.0,2.0,3.0,0,2008
2000000,9.241748,125.0,23.0,2.0,3.0,0,1940
6500000,6.476534,108.0,23.0,2.0,3.0,0,1987
42000000,10.027434,113.0,23.0,2.0,3.0,0,2012
13000000,3.960622,94.0,23.0,2.0,3.0,0,1999
10000000,6.830599,108.0,23.0,2.0,3.0,0,1985
4000000,7.914795,132.0,23.0,2.0,3.0,0,1978
20000000,7.359522,97.0,23.0,2.0,3.0,0,2014
500000,0.071908,157.0,23.0,2.0,3.0,0,1996
38000000,17.02038,94.0,23.0,2.0,3.0,0,2015
40000000,10.479723,122.0,23.0,2.0,3.0,0,2000
32000000,11.204539,139.0,23.0,2.0,3.0,0,2011
41300000,12.061521,98.0,23.0,2.0,3.0,0,2000
4900000,11.494907,81.0,23.0,2.0,3.0,0,2016
55000000,13.280069,81.0,23.0,2.0,3.0,0,1995
30000000,7.694502,135.0,23.0,2.0,3.0,0,2005
12250000,6.561373,103.0,23.0,2.0,3.0,0,2014
5000000,11.298195,139.0,23.0,2.0,3.0,0,1992
25000000,13.121626,140.0,23.0,2.0,3.0,0,2011
463455,0.445526,84.0,23.0,2.0,3.0,0,1926
5000000,3.595599,95.0,23.0,2.0,3.0,0,1994
3000000,3.044499,115.0,23.0,2.0,3.0,0,1961
11500000,8.365761,103.0,23.0,2.0,3.0,0,1989
8000000,6.823445,100.0,23.0,2.0,3.0,0,1992
2000000,8.066663,104.0,23.0,2.0,3.0,0,1985
4500000,8.434884,150.0,23.0,2.0,3.0,0,2014
85000000,11.218378,113.0,23.0,2.0,3.0,0,1998
32000000,7.000421,107.0,23.0,2.0,3.0,0,2010
22000000,9.41834,95.0,23.0,2.0,3.0,0,2000
25000000,10.175138,113.0,23.0,2.0,3.0,0,1993
500000,5.329195,122.0,23.0,2.0,3.0,0,2008
5000000,8.679349,104.0,23.0,2.0,3.0,0,1985
2000000,2.921405,104.0,23.0,2.0,3.0,0,1980
5000000,3.138159,123.0,23.0,2.0,3.0,0,2016
35000000,8.437587,105.0,23.0,2.0,3.0,0,2009
10000000,1.701134,112.0,23.0,2.0,3.0,0,1981
30000000,5.364459,108.0,23.0,2.0,3.0,0,2006
10000000,6.396767,98.0,23.0,2.0,3.0,0,1999
8000000,0.863547,93.0,23.0,2.0,3.0,0,1989
38000000,6.100498,93.0,23.0,2.0,3.0,0,2007
100000000,5.502098,116.0,23.0,2.0,3.0,0,2007
12000000,2.828884,86.0,23.0,2.0,3.0,0,2001
60000000,9.488117,92.0,23.0,2.0,3.0,0,2002
17000000,1.542355,147.0,23.0,2.0,3.0,0,2013
16000000,9.356587,100.0,23.0,2.0,3.0,0,1999
50000000,8.997507,127.0,23.0,2.0,3.0,0,1982
3000000,3.891243,94.0,23.0,2.0,3.0,0,1981
43000000,8.889064,84.0,23.0,2.0,3.0,0,2002
12000000,5.409557,111.0,23.0,2.0,3.0,0,1987
100000000,11.51021,125.0,23.0,2.0,3.0,0,2016
8045760,10.357224,95.0,23.0,2.0,3.0,0,1989
10500000,0.377787,99.0,23.0,2.0,3.0,0,1994
500000,12.428269,90.0,23.0,2.0,3.0,0,2004
32000000,3.406836,75.0,23.0,2.0,3.0,0,1997
15000000,13.634766,110.0,23.0,2.0,3.0,0,2009
45000000,5.037224,134.0,23.0,2.0,3.0,0,2005
500000,15.014569,95.0,23.0,2.0,3.0,0,2011
125000000,13.392824,97.0,23.0,2.0,3.0,0,2017
7000000,7.436758,121.0,23.0,2.0,3.0,0,1993
19000000,12.446738,88.0,23.0,2.0,3.0,0,2000
5000000,0.399156,90.0,23.0,2.0,3.0,0,1991
40000000,4.182641,124.0,23.0,2.0,3.0,0,1996
40000000,10.24382,104.0,23.0,2.0,3.0,0,2011
18000000,3.602031,77.0,23.0,2.0,3.0,0,1991
245000000,24.926577,148.0,23.0,2.0,3.0,0,2015
120000000,10.901602,95.0,23.0,2.0,3.0,0,2001
92000000,22.220214,115.0,23.0,2.0,3.0,0,2004
90000000,13.809622,132.0,23.0,2.0,3.0,0,2016
3800000,9.239882,121.0,23.0,2.0,3.0,0,2007
20000000,8.636632,99.0,23.0,2.0,3.0,0,2004
50000000,10.738888,105.0,23.0,2.0,3.0,0,2003
22000000,11.698089,108.0,23.0,2.0,3.0,0,2009
40000000,12.725343,96.0,23.0,2.0,3.0,0,1996
63000000,11.624866,102.0,23.0,2.0,3.0,0,1988
3000000,10.616859,120.0,23.0,2.0,3.0,0,2003
3000000,15.170192,100.0,23.0,2.0,3.0,0,1987
12000000,8.783454,121.0,23.0,2.0,3.0,0,1998
40000000,4.985157,128.0,23.0,2.0,3.0,0,1994
25000000,14.686487,114.0,23.0,2.0,3.0,0,2002
784170,0.578456,80.0,23.0,2.0,3.0,0,1948
12000000,2.977779,115.0,23.0,2.0,3.0,0,2009
1089360,0.663231,115.0,23.0,2.0,3.0,0,2009
50000000,3.998494,113.0,23.0,2.0,3.0,0,1996
40000000,4.260945,104.0,23.0,2.0,3.0,0,2001
1556288,0.195677,128.0,23.0,2.0,3.0,0,2014
25000000,8.9256,121.0,23.0,2.0,3.0,0,2000
20000000,16.626655,90.0,23.0,2.0,3.0,0,2010
225000,0.466236,86.0,23.0,2.0,3.0,0,2012
10000000,13.751992,98.0,23.0,2.0,3.0,0,2009
280000000,37.37942,141.0,23.0,2.0,3.0,0,2015
50000000,17.608346,137.0,23.0,2.0,3.0,0,2015
70000000,9.019114,116.0,23.0,2.0,3.0,0,1998
15000000,15.899134,95.0,23.0,2.0,3.0,0,1995
20000000,14.810519,107.0,23.0,2.0,3.0,0,1995
45000000,8.079541,100.0,23.0,2.0,3.0,0,1996
82000000,7.349843,113.0,23.0,2.0,3.0,0,2005
25000000,5.918816,94.0,23.0,2.0,3.0,0,2004
35000000,5.23158,106.0,23.0,2.0,3.0,0,1995
48000000,7.349812,123.0,23.0,2.0,3.0,0,1998
36000000,8.867562,116.0,23.0,2.0,3.0,0,2002
11000000,8.800455,140.0,23.0,2.0,3.0,0,1981
80000000,14.39853,118.0,23.0,2.0,3.0,0,2010
40000000,7.196688,96.0,23.0,2.0,3.0,0,2007
4000000,3.856827,84.0,23.0,2.0,3.0,0,2006
115000000,7.455875,134.0,23.0,2.0,3.0,0,2002
68000000,42.061481,115.0,23.0,2.0,3.0,0,2015
8500000,8.592449,100.0,23.0,2.0,3.0,0,2015
10000000,1.551648,125.0,23.0,2.0,3.0,0,2003
14734000,2.156145,139.0,23.0,2.0,3.0,0,2010
4000000,5.317544,124.0,23.0,2.0,3.0,0,1961
70000000,9.819864,133.0,23.0,2.0,3.0,0,2010
100000000,29.741452,161.0,23.0,2.0,3.0,0,2002
220000,9.972591,81.0,23.0,2.0,3.0,0,1992
8000000,11.521011,79.0,23.0,2.0,3.0,0,1991
35000000,8.061423,100.0,23.0,2.0,3.0,0,2005
5300000,3.003526,168.0,23.0,2.0,3.0,0,2006
6000000,12.724645,103.0,23.0,2.0,3.0,0,1986
35000000,8.910462,89.0,23.0,2.0,3.0,0,1994
11500000,8.719145,108.0,23.0,2.0,3.0,0,2008
2200000,6.313465,121.0,23.0,2.0,3.0,0,2014
11930000,7.95686,118.0,23.0,2.0,3.0,0,2015
25000000,9.218002,130.0,23.0,2.0,3.0,0,2013
150000,9.203416,78.0,23.0,2.0,3.0,0,2002
500000,0.45621,157.0,23.0,2.0,3.0,0,2002
1250000,8.710824,87.0,23.0,2.0,3.0,0,1981
20000000,7.423812,120.0,23.0,2.0,3.0,0,2007
18000000,10.151366,103.0,23.0,2.0,3.0,0,1984
1500000,4.877872,91.0,23.0,2.0,3.0,0,1995
19500000,4.683689,150.0,23.0,2.0,3.0,0,2015
8000000,6.603748,111.0,23.0,2.0,3.0,0,2008
18000000,1.975174,94.0,23.0,2.0,3.0,0,1984
15000000,7.904371,103.0,23.0,2.0,3.0,0,2006
80000000,8.524847,128.0,23.0,2.0,3.0,0,2003
14000000,8.204894,103.0,23.0,2.0,3.0,0,2010
12500000,1.830829,118.0,23.0,2.0,3.0,0,2010
16800000,6.626077,97.0,23.0,2.0,3.0,0,2014
10500000,36.26051,93.0,23.0,2.0,3.0,0,2017
95000000,11.348096,136.0,23.0,2.0,3.0,0,1998
38000000,6.938921,95.0,23.0,2.0,3.0,0,1990
10000000,3.867472,96.0,23.0,2.0,3.0,0,2005
60000000,14.336187,130.0,23.0,2.0,3.0,0,2013
39000000,1.381022,106.0,23.0,2.0,3.0,0,2004
75000000,12.949715,91.0,23.0,2.0,3.0,0,2005
40000000,6.447072,134.0,23.0,2.0,3.0,0,2014
15000000,2.587727,130.0,23.0,2.0,3.0,0,2008
40000000,9.802889,108.0,23.0,2.0,3.0,0,1985
49300000,7.566053,137.0,23.0,2.0,3.0,0,2013
5400000,2.39989,130.0,23.0,2.0,3.0,0,2013
120000000,18.907948,117.0,23.0,2.0,3.0,0,2006
3062000,2.07741,143.0,23.0,2.0,3.0,0,2011
22000000,12.383755,191.0,23.0,2.0,3.0,0,1982
47000000,7.586577,96.0,23.0,2.0,3.0,0,1996
2000000,0.121844,107.0,23.0,2.0,3.0,0,2010
24000000,4.347609,124.0,23.0,2.0,3.0,0,1999
410000,0.769053,101.0,23.0,2.0,3.0,0,1972
5579750,2.208906,0.0,23.0,2.0,3.0,0,2012
130000000,12.854373,124.0,23.0,2.0,3.0,0,2007
100000,1.731527,120.0,23.0,2.0,3.0,0,2010
8000000,3.034823,107.0,23.0,2.0,3.0,0,2006
13000000,13.655752,102.0,23.0,2.0,3.0,0,2014
60000000,13.995044,110.0,23.0,2.0,3.0,0,2003
12500000,10.944654,120.0,23.0,2.0,3.0,0,2002
5200000,4.230046,118.0,23.0,2.0,3.0,0,2007
3512454,0.110065,95.0,23.0,2.0,3.0,0,2013
1500000,6.407207,93.0,23.0,2.0,3.0,0,2009
38000000,4.990506,118.0,23.0,2.0,3.0,0,1996
18000000,12.677592,160.0,23.0,2.0,3.0,0,1984
3000000,12.325947,95.0,23.0,2.0,3.0,0,1970
150000000,9.920223,131.0,23.0,2.0,3.0,0,2013
40000000,13.707888,141.0,23.0,2.0,3.0,0,2015
30000000,9.863584,104.0,23.0,2.0,3.0,0,2008
23000000,10.337689,97.0,23.0,2.0,3.0,0,2001
2000000,8.999948,124.0,23.0,2.0,3.0,0,1954
25000000,24.535733,102.0,23.0,2.0,3.0,0,2017
35000000,10.169411,103.0,23.0,2.0,3.0,0,2011
2700000,7.525382,109.0,23.0,2.0,3.0,0,1978
68000000,14.741992,124.0,23.0,2.0,3.0,0,2001
57000000,10.076223,105.0,23.0,2.0,3.0,0,2001
45000000,11.075674,117.0,23.0,2.0,3.0,0,1992
127500000,9.998415,82.0,23.0,2.0,3.0,0,2000
200000,0.560685,100.0,23.0,2.0,3.0,0,2012
75000000,9.883727,137.0,23.0,2.0,3.0,0,1991
16000000,16.770196,100.0,23.0,2.0,3.0,0,2007
4000000,19.348466,93.0,23.0,2.0,3.0,0,1996
8000000,2.93818,106.0,23.0,2.0,3.0,0,1997
21000000,10.234919,105.0,23.0,2.0,3.0,0,1993
26000000,14.362544,89.0,23.0,2.0,3.0,0,1994
29000000,10.829116,110.0,23.0,2.0,3.0,0,2016
1365000,5.120036,110.0,23.0,2.0,3.0,0,1939
80000000,13.02369,114.0,23.0,2.0,3.0,0,2004
2800000,2.486073,135.0,23.0,2.0,3.0,0,1994
40000000,9.48515,105.0,23.0,2.0,3.0,0,2016
87000000,2.48875,131.0,23.0,2.0,3.0,0,2001
25000000,8.405395,122.0,23.0,2.0,3.0,0,2009
5000000,1.628629,107.0,23.0,2.0,3.0,0,2016
8500000,9.292099,106.0,23.0,2.0,3.0,0,1986
5000000,6.188286,95.0,23.0,2.0,3.0,0,2012
140000000,12.996474,133.0,23.0,2.0,3.0,0,2002
32000000,11.428941,98.0,23.0,2.0,3.0,0,2004
16000000,15.15267,98.0,23.0,2.0,3.0,0,1987
75000000,7.515631,94.0,23.0,2.0,3.0,0,2000
12000000,11.354247,182.0,23.0,2.0,3.0,0,1966
64000000,4.140398,133.0,23.0,2.0,3.0,0,1999
22000000,10.225555,94.0,23.0,2.0,3.0,0,2012
90000000,10.81552,93.0,23.0,2.0,3.0,0,2004
25000000,8.309565,118.0,23.0,2.0,3.0,0,2016
130000000,16.624854,124.0,23.0,2.0,3.0,0,2012
9500000,7.778097,104.0,23.0,2.0,3.0,0,2010
30000000,5.781667,106.0,23.0,2.0,3.0,0,2002
12000000,1.675406,108.0,23.0,2.0,3.0,0,2012
38000000,13.217623,79.0,23.0,2.0,3.0,0,1996
31500000,13.5963,153.0,23.0,2.0,3.0,0,1979
1000000,3.315827,128.0,23.0,2.0,3.0,0,1963
483103,0.205671,80.0,23.0,2.0,3.0,0,1927
35000000,13.912531,83.0,23.0,2.0,3.0,0,2016
3000000,2.753674,96.0,23.0,2.0,3.0,0,1999
30000000,14.015739,97.0,23.0,2.0,3.0,0,2003
13000000,10.564701,102.0,23.0,2.0,3.0,0,2015
25000000,10.542026,112.0,23.0,2.0,3.0,0,2015
8500000,6.03633,119.0,23.0,2.0,3.0,0,2000
60000000,10.411608,103.0,23.0,2.0,3.0,0,2004
17000000,12.50422,133.0,23.0,2.0,3.0,0,2009
60000000,7.337906,103.0,23.0,2.0,3.0,0,1995
15000000,0.900864,85.0,23.0,2.0,3.0,0,2007
2300000,3.959411,145.0,23.0,2.0,3.0,0,2007
4600000,5.805666,117.0,23.0,2.0,3.0,0,2010
4000000,12.650546,94.0,23.0,2.0,3.0,0,1981
20000000,16.392712,132.0,23.0,2.0,3.0,0,2017
2500000,2.726061,99.0,23.0,2.0,3.0,0,1988
61000000,13.52408,157.0,23.0,2.0,3.0,0,2012
40000000,11.366417,96.0,23.0,2.0,3.0,0,1997
2000000,9.333533,134.0,23.0,2.0,3.0,0,1961
25000000,6.514132,95.0,23.0,2.0,3.0,0,2005
19800000,14.101101,137.0,23.0,2.0,3.0,0,2001
25000000,9.805017,129.0,23.0,2.0,3.0,0,1992
20000000,4.414928,110.0,23.0,2.0,3.0,0,1990
20000000,5.871243,96.0,23.0,2.0,3.0,0,2005
45000000,11.618472,86.0,23.0,2.0,3.0,0,2009
16000000,4.372616,96.0,23.0,2.0,3.0,0,2000
53000000,5.3962,102.0,23.0,2.0,3.0,0,2001
35000000,6.629999,106.0,23.0,2.0,3.0,0,2010
300000,0.350207,144.0,23.0,2.0,3.0,0,2016
500000,4.893812,85.0,23.0,2.0,3.0,0,2012
35000000,5.660835,108.0,23.0,2.0,3.0,0,1997
80000000,13.334952,117.0,23.0,2.0,3.0,0,2003
37665000,5.388535,113.0,23.0,2.0,3.0,0,2006
20000000,12.553403,84.0,23.0,2.0,3.0,0,2004
13000000,4.794088,112.0,23.0,2.0,3.0,0,2001
1135654,3.878515,149.0,23.0,2.0,3.0,0,1924
60000000,14.092373,128.0,23.0,2.0,3.0,0,2004
65000000,14.482345,120.0,23.0,2.0,3.0,0,1996
42000000,15.725542,90.0,23.0,2.0,3.0,0,2004
35000000,10.512109,106.0,23.0,2.0,3.0,0,2011
