id,revenue
3001,6312013.71
3002,8993912.36
3003,10675881.48
3004,16673893.9
3005,3303036.13
3006,25323776.07
3007,5933045.02
3008,89552307.08
3009,47613723.97
3010,368994876.44
3011,1219709.14
3012,7570054.35
3013,42376870.45
3014,2148179.87
3015,33625871.87
3016,4554964.05
3017,88158183.64
3018,171152847.57
3019,18268239.53
3020,959393695.82
3021,99785167.03
3022,73570436.66
3023,4475492.44
3024,56393166.42
3025,6462721.64
3026,162181328.7
3027,6117615.66
3028,102589968.91
3029,1068037.91
3030,84536834.25
3031,15871360.45
3032,13617747.22
3033,5397964.38
3034,1322173.53
3035,19970159.6
3036,24400629.27
3037,77662767.34
3038,68749683.05
3039,44920349.23
3040,12212402.51
3041,25280566.77
3042,11053463.46
3043,22699394.74
3044,10183345.34
3045,368345226.51
3046,8760340.76
3047,27718711.2
3048,36424752.21
3049,11672088.04
3050,42921379.31
3051,5278559.91
3052,45034780.15
3053,4633464.94
3054,11154377.94
3055,96009103.27
3056,5168523.5
3057,119887879.08
3058,603157867.51
3059,7345428.75
3060,128666620.99
3061,65524411.64
3062,44870009.05
3063,80791728.88
3064,142218122.5
3065,35348306.96
3066,112358125.56
3067,10190946.4
3068,63958601.18
3069,257644209.11
3070,6388395.74
3071,9115845.67
3072,685185667.81
3073,7843690.75
3074,6292780.58
3075,67063901.19
3076,281336823.7
3077,51458602.93
3078,130884883.98
3079,64866824.64
3080,106178846.26
3081,41063392.52
3082,5408762.2
3083,12606615.77
3084,7801953.69
3085,31542862.55
3086,84042680.25
3087,4381657.84
3088,5198346.36
3089,1621687.98
3090,59265855.53
3091,54307819.65
3092,4215632.92
3093,280147053.81
3094,102885968.53
3095,49123206.38
3096,5165042.14
3097,1032453467.78
3098,44357369.88
3099,86002595.08
3100,12281485.61
3101,11088969.66
3102,15228904.48
3103,8506733.91
3104,11048955.2
3105,99447813.67
3106,53782784.23
3107,50980835.45
3108,12814489.72
3109,5283058.33
3110,390656056.6
3111,24203734.48
3112,4960980.42
3113,18518791.52
3114,62674820.39
3115,70864372.1
3116,9043200.18
3117,4365615.57
3118,10821704.15
3119,322241561.99
3120,240284097.06
3121,14784458.13
3122,14233623.94
3123,30690287.32
3124,13665065.04
3125,10002891.56
3126,51782921.33
3127,7798092.39
3128,37205638.14
3129,333881347.51
3130,14486950.67
3131,7574325.14
3132,22570775.31
3133,9975024.9
3134,14655076.7
3135,9823089.91
3136,7579783.47
3137,196998617.12
3138,3119029.44
3139,65546671.05
3140,96939112.91
3141,16160238.87
3142,11829359.23
3143,165845244.64
3144,36314308.9
3145,35375504.04
3146,7479281.93
3147,16559071.14
3148,9793829.54
3149,89192569.39
3150,86122358.46
3151,15530293.53
3152,38060435.96
3153,10623196.76
3154,19144760.81
3155,48187747.14
3156,18553810.16
3157,18316426.92
3158,218565828.82
3159,11308013.07
3160,16755768.46
3161,4749549.45
3162,17706238.51
3163,75590545.64
3164,13039506.31
3165,4389723.48
3166,3846576.13
3167,115400666.61
3168,7857330.64
3169,41558091.0
3170,28746113.96
3171,37568585.12
3172,39381673.59
3173,1547471.07
3174,3813033.16
3175,6779767.13
3176,34583148.72
3177,107772927.2
3178,14195837.63
3179,8241505.22
3180,17451967.71
3181,1572519.5
3182,446790474.07
3183,32595615.41
3184,50482602.45
3185,73534639.97
3186,65086032.11
3187,13867272.35
3188,31326214.54
3189,123685428.86
3190,34496133.07
3191,46671880.34
3192,5499398.79
3193,281323918.08
3194,159449447.49
3195,4418470.06
3196,2333638.56
3197,56207625.89
3198,141926210.06
3199,316387647.7
3200,22121397.06
3201,11375775.32
3202,14820440.43
3203,8433238.93
3204,9609309.3
3205,5879230.73
3206,31177687.66
3207,72966635.09
3208,14246645.77
3209,12431740.16
3210,406374635.6
3211,7651128.34
3212,63153645.24
3213,164444546.46
3214,17187849.34
3215,23916209.78
3216,20017183.69
3217,365696494.26
3218,9112870.7
3219,5329303.9
3220,219015388.83
3221,25907390.49
3222,19414464.77
3223,13589826.48
3224,11218622.57
3225,5838679.57
3226,9858487.75
3227,82034115.27
3228,124673468.37
3229,255920085.93
3230,35116816.34
3231,45039399.61
3232,48768679.3
3233,12185786.8
3234,8143740.87
3235,21147252.34
3236,1405639.14
3237,34393346.1
3238,14661839.15
3239,4352363.41
3240,307609028.23
3241,9832658.09
3242,15989625.47
3243,19121180.34
3244,7442197.06
3245,8262017.45
3246,34961935.08
3247,42254683.85
3248,100759703.44
3249,71806216.29
3250,343806883.65
3251,5679719.78
3252,21151658.63
3253,86649457.9
3254,10997099.79
3255,1286837.0
3256,61178817.08
3257,44406035.69
3258,24409343.86
3259,68334216.66
3260,4915662.29
3261,506910941.5
3262,50603004.45
3263,4278860.34
3264,3097819.94
3265,4070522.46
3266,4268252.06
3267,92279920.71
3268,3744328.68
3269,52191703.86
3270,78469680.57
3271,8082092.18
3272,28025913.86
3273,41947905.63
3274,451900320.04
3275,34610240.66
3276,7260697.65
3277,23606633.55
3278,121986981.95
3279,31345263.84
3280,311054466.99
3281,4186464.72
3282,4454173.36
3283,401878229.33
3284,67035614.34
3285,74471144.95
3286,5630117.4
3287,3017178.78
3288,24860579.25
3289,67488556.55
3290,137371888.22
3291,37046359.28
3292,315263473.26
3293,112916583.2
3294,36165331.21
3295,11975821.47
3296,9755541.71
3297,18547903.06
3298,128675106.96
3299,10800116.49
3300,55061142.14
3301,4174831.64
3302,14563765.72
3303,12271430.41
3304,10812627.16
3305,38866453.75
3306,1768018.27
3307,86616668.77
3308,14959849.0
3309,10659169.87
3310,25973708.17
3311,11204470.01
3312,9810765.96
3313,116634291.82
3314,11024284.79
3315,139255966.09
3316,21678366.81
3317,8826936.73
3318,4232832.8
3319,9392984.07
3320,29009044.39
3321,23600334.31
3322,10056854.24
3323,183985544.6
3324,15627641.79
3325,108020548.66
3326,197679809.9
3327,57925523.14
3328,34293835.81
3329,10326535.26
3330,148815840.07
3331,14106131.41
3332,45905816.25
3333,186179793.14
3334,11974973.17
3335,101749544.06
3336,14580057.98
3337,4630960.25
3338,22810063.5
3339,7346218.07
3340,112838356.14
3341,19446798.7
3342,76293118.92
3343,79169181.8
3344,3976956.52
3345,1273196.29
3346,40965645.37
3347,4780071.91
3348,39226271.64
3349,100191541.87
3350,201759466.71
3351,57846645.18
3352,33616619.16
3353,99983804.63
3354,11904600.03
3355,7939626.57
3356,29628691.95
3357,7009516.18
3358,24604519.23
3359,35304251.16
3360,12721000.61
3361,301991135.08
3362,16031698.93
3363,31137509.42
3364,38322458.6
3365,2605950.2
3366,97926288.56
3367,205760363.49
3368,8509673.43
3369,78393852.31
3370,99136130.0
3371,60552936.98
3372,48551826.57
3373,84444323.16
3374,12681248.39
3375,116936424.1
3376,41498224.53
3377,4966667.47
3378,21429047.36
3379,310921984.65
3380,55808680.09
3381,12312326.06
3382,4519556.05
3383,15338410.94
3384,42778969.91
3385,107382078.94
3386,15112871.82
3387,13244164.28
3388,168789011.51
3389,1047348085.25
3390,17595706.69
3391,12491637.17
3392,19209779.04
3393,19142340.82
3394,243814121.55
3395,169795245.31
3396,16558584.92
3397,757696.82
3398,288517974.63
3399,110818642.01
3400,15708183.58
3401,2446753.74
3402,6320058.5
3403,159761327.02
3404,11707573.67
3405,25929653.47
3406,205194881.81
3407,227043582.05
3408,72593513.9
3409,12450865.64
3410,48836261.71
3411,65393919.55
3412,14588476.56
3413,45991301.2
3414,12301085.48
3415,25459830.56
3416,167945760.52
3417,92939089.71
3418,76696784.97
3419,259673789.66
3420,5358045.87
3421,16770913.46
3422,15481001.64
3423,406935910.24
3424,6859414.71
3425,11183189.45
3426,27958134.72
3427,29575566.43
3428,10566614.42
3429,48438525.45
3430,810829241.74
3431,9181276.25
3432,30768696.07
3433,19817170.85
3434,12448000.31
3435,295367461.95
3436,164863988.51
3437,14250397.32
3438,20760255.88
3439,133890431.42
3440,97398478.37
3441,216663555.4
3442,11180831.52
3443,4249951.38
3444,5845739.04
3445,75316186.65
3446,4109490.85
3447,11486171.23
3448,68515237.58
3449,21731717.67
3450,76910512.72
3451,69925361.6
3452,35959190.23
3453,65865936.15
3454,32451985.45
3455,27674074.63
3456,138443923.29
3457,29824144.57
3458,13220372.57
3459,705798405.41
3460,58824755.76
3461,9309157.45
3462,26228010.06
3463,65023141.06
3464,3406269.58
3465,56796389.08
3466,91277254.33
3467,15489006.05
3468,108852329.07
3469,5748705.44
3470,4275063.65
3471,60860848.52
3472,4804139.38
3473,115059063.12
3474,60933439.39
3475,366814839.81
3476,10037396.79
3477,49539363.39
3478,23650897.83
3479,214551233.41
3480,21837315.15
3481,6316238.12
3482,4546168.72
3483,4777856.03
3484,11468613.3
3485,81175919.01
3486,195279211.98
3487,73165309.91
3488,164598764.19
3489,17711492.19
3490,61279941.9
3491,38357748.46
3492,10556525.52
3493,62628594.59
3494,9911442.0
3495,86428125.6
3496,16143252.31
3497,99101001.22
3498,13699554.72
3499,13310460.98
3500,6358679.51
3501,180984906.57
3502,84819226.66
3503,64989813.0
3504,93114316.61
3505,15220322.61
3506,100878975.78
3507,275878524.95
3508,16284505.63
3509,20691327.49
3510,39714307.63
3511,21597927.11
3512,178344371.3
3513,24087585.81
3514,55168711.86
3515,7657522.56
3516,14217648.21
3517,749516657.21
3518,33099373.4
3519,11399039.23
3520,13212493.83
3521,4726085.53
3522,22642868.13
3523,22069626.44
3524,73781419.59
3525,315472592.32
3526,61343469.48
3527,15141647.54
3528,22449081.44
3529,605241125.51
3530,39014112.27
3531,64935606.09
3532,72879888.94
3533,38622538.93
3534,38744762.19
3535,324029971.74
3536,29066042.52
3537,101441576.14
3538,89410614.94
3539,60117616.81
3540,63188622.39
3541,29351326.25
3542,34095614.92
3543,4116816.31
3544,36719967.68
3545,3130053.84
3546,7596372.98
3547,211462184.38
3548,488361430.05
3549,4912287.23
3550,479646455.13
3551,144960619.64
3552,84154606.3
3553,139392266.09
3554,158433561.07
3555,134217684.98
3556,90529348.8
3557,25895516.32
3558,177833829.37
3559,78351621.38
3560,7963861.71
3561,114954788.43
3562,13099603.93
3563,7995783.81
3564,8675760.53
3565,15703933.67
3566,50401177.55
3567,20801132.44
3568,6839410.64
3569,157366685.74
3570,8186786.56
3571,95622229.61
3572,191884134.43
3573,15236453.53
3574,22150680.65
3575,62081908.71
3576,34538318.17
3577,14587459.06
3578,59328648.93
3579,56518697.22
3580,26147616.1
3581,49169105.3
3582,81376617.49
3583,1498321.43
3584,20784791.15
3585,70926229.67
3586,34255722.56
3587,24914860.16
3588,5683019.92
3589,15208756.3
3590,28301103.82
3591,388764064.89
3592,6398198.35
3593,4427666.15
3594,10396979.93
3595,30292449.15
3596,50080613.59
3597,21020318.08
3598,84848873.44
3599,24855636.01
3600,4975693.29
3601,6273687.07
3602,3173676.11
3603,35961335.09
3604,9251658.39
3605,63904593.63
3606,10992497.86
3607,36219776.79
3608,206252970.9
3609,6971849.98
3610,52451250.15
3611,5097845.08
3612,61364084.97
3613,23495444.23
3614,212514276.36
3615,43888280.15
3616,10800030.5
3617,25732138.15
3618,127126926.3
3619,6145660.06
3620,88327776.14
3621,411609058.04
3622,341889741.04
3623,112088598.79
3624,4615613.81
3625,8273362.22
3626,67028204.01
3627,47631595.19
3628,514941205.62
3629,13299312.24
3630,5199157.35
3631,172721871.57
3632,20523514.31
3633,72654139.61
3634,6828462.7
3635,8947054.51
3636,26057307.1
3637,4259564.69
3638,52765377.3
3639,96795137.39
3640,543895286.13
3641,18495119.92
3642,12757140.46
3643,19782703.24
3644,15370812.42
3645,34671014.13
3646,61250629.11
3647,68813249.08
3648,13488083.0
3649,12615947.9
3650,43576130.35
3651,366424525.43
3652,8025728.31
3653,218120167.33
3654,19906866.28
3655,41689160.63
3656,13623554.97
3657,4934612.07
3658,17059930.25
3659,96417535.16
3660,355123556.7
3661,33473275.9
3662,46540624.1
3663,454801465.74
3664,8022098.93
3665,3362776.26
3666,14096201.02
3667,99530562.76
3668,29865870.76
3669,5059121.76
3670,64989727.33
3671,14763775.01
3672,12764257.99
3673,196872596.18
3674,70992691.12
3675,338187903.46
3676,112970828.19
3677,26773039.57
3678,24716091.45
3679,28449410.65
3680,15816546.03
3681,15498148.49
3682,183150493.32
3683,11785872.37
3684,92795325.22
3685,114808702.35
3686,23445215.34
3687,135886685.71
3688,8845467.34
3689,8106151.43
3690,121629086.65
3691,13428094.83
3692,4304588.23
3693,239343160.42
3694,100564207.33
3695,108256224.38
3696,50570583.39
3697,56047134.78
3698,63817170.15
3699,11481439.92
3700,8294975.15
3701,45216900.2
3702,503343.38
3703,64960249.4
3704,72512156.04
3705,11230857.51
3706,77334421.34
3707,1972518.88
3708,15382385.57
3709,353571641.94
3710,26653660.91
3711,11354291.94
3712,25409635.54
3713,51911047.67
3714,3426066.85
3715,39091410.88
3716,14488857.22
3717,4491025.06
3718,13678896.07
3719,47808462.59
3720,21100639.99
3721,1862350.37
3722,86752200.78
3723,29081550.34
3724,12359809.24
3725,6915526.74
3726,7799282.97
3727,94365168.1
3728,116156591.87
3729,20423232.0
3730,113502527.05
3731,209010099.89
3732,6068856.82
3733,187473339.23
3734,328389651.46
3735,23011719.58
3736,71036805.12
3737,20311457.69
3738,1582336.99
3739,20977697.8
3740,26797047.63
3741,7712850.15
3742,75783090.64
3743,65911143.88
3744,178450659.77
3745,93627416.34
3746,173232074.84
3747,4987238.0
3748,9910531.22
3749,17941232.24
3750,4817487.23
3751,14765387.05
3752,4112483.19
3753,12989196.43
3754,70456021.0
3755,103815436.68
3756,38133986.4
3757,349104287.31
3758,163978300.54
3759,9142444.27
3760,168860918.4
3761,102799437.17
3762,277935506.36
3763,23925434.59
3764,58316424.22
3765,12196630.07
3766,36482421.78
3767,22887877.82
3768,22974062.21
3769,9235296.29
3770,30643657.76
3771,52437011.61
3772,16727491.99
3773,72573652.75
3774,25475225.16
3775,234127810.14
3776,103152457.74
3777,6620763.57
3778,4789197.97
3779,12054693.19
3780,5958577.86
3781,31959992.39
3782,4697737.49
3783,26941345.18
3784,15746597.36
3785,330558931.34
3786,32296354.91
3787,232708808.15
3788,550064449.89
3789,6371208.41
3790,5401951.88
3791,21296426.31
3792,4631410.23
3793,9272605.45
3794,7742331.0
3795,497555283.72
3796,16816791.15
3797,60094818.32
3798,53729374.46
3799,17785490.61
3800,4279326.15
3801,82128164.41
3802,8542355.46
3803,13384484.74
3804,3558120.25
3805,4246243.62
3806,112952904.61
3807,11909845.62
3808,3925086.44
3809,43299816.88
3810,10898216.4
3811,12542455.86
3812,2713584.27
3813,5637681.82
3814,11804504.62
3815,176356549.1
3816,95532363.19
3817,211886563.6
3818,127782424.62
3819,92951158.04
3820,110336191.64
3821,118972493.26
3822,19862341.63
3823,21508896.36
3824,7849278.85
3825,11724984.93
3826,90181885.62
3827,41454106.82
3828,14566755.87
3829,4861611.14
3830,69408653.02
3831,6649170.62
3832,159601940.64
3833,28462043.27
3834,25173375.66
3835,14045271.24
3836,7013998.21
3837,45440149.47
3838,172257376.71
3839,21091734.53
3840,43503278.31
3841,9873468.85
3842,22610241.18
3843,64680322.24
3844,5014994.5
3845,4212661.12
3846,9350940.29
3847,4464781.92
3848,29727077.88
3849,101665332.18
3850,48414972.0
3851,56498703.53
3852,10466839.82
3853,119488936.33
3854,5436065.66
3855,3829838.59
3856,11343651.32
3857,739321453.95
3858,4856755.24
3859,9519934.42
3860,53504924.82
3861,72593765.21
3862,9714447.14
3863,128906898.26
3864,181572670.67
3865,112717405.35
3866,11175056.88
3867,200006794.44
3868,14967664.34
3869,90955158.8
3870,116488815.52
3871,786209995.3
3872,26067733.78
3873,57086112.53
3874,4790481.03
3875,93877101.13
3876,7327254.87
3877,68909372.41
3878,190838487.79
3879,458360750.96
3880,10827943.02
3881,4062709.27
3882,18400760.54
3883,2967581.7
3884,252226563.25
3885,25694474.84
3886,54638487.22
3887,22435514.6
3888,12667717.91
3889,205728727.44
3890,147116151.16
3891,7631956.95
3892,7314818.91
3893,506320900.93
3894,135105317.51
3895,52510997.49
3896,50614167.91
3897,19132725.7
3898,45114688.26
3899,648629195.91
3900,51018525.51
3901,13658269.21
3902,5666117.78
3903,18352031.43
3904,19215865.09
3905,11481980.34
3906,97042368.41
3907,11672572.64
3908,16537124.39
3909,3481722.73
3910,29927016.41
3911,3490403.07
3912,14163286.14
3913,105610653.36
3914,41965560.64
3915,266445047.34
3916,4418863.57
3917,7149552.24
3918,2969106.17
3919,88887357.69
3920,35082555.7
3921,5968244.6
3922,10159072.63
3923,37598927.07
3924,48045708.13
3925,239963804.03
3926,12935969.22
3927,73687926.32
3928,119380563.38
3929,52002977.33
3930,6871616.86
3931,31506538.9
3932,11575931.26
3933,27223921.29
3934,89788963.77
3935,3844035.18
3936,5187413.52
3937,281017361.23
3938,7853722.24
3939,54578106.73
3940,5992332.4
3941,30914108.42
3942,239393216.41
3943,929242529.28
3944,27132105.35
3945,91306295.78
3946,9709748.42
3947,75122267.15
3948,11175722.4
3949,8331573.17
3950,7299969.34
3951,21714001.72
3952,99181598.51
3953,77673019.24
3954,447039556.6
3955,23579953.27
3956,141961281.27
3957,15047482.9
3958,28370199.99
3959,25398441.46
3960,8049858.81
3961,77013861.64
3962,12259290.93
3963,35682807.57
3964,836161737.31
3965,165535820.51
3966,64104408.94
3967,425709742.14
3968,74493533.76
3969,23222989.4
3970,17257986.42
3971,23613579.36
3972,15887073.4
3973,101427281.4
3974,5359401.43
3975,215290793.64
3976,78635264.64
3977,116918644.35
3978,136991595.03
3979,19038920.66
3980,9460949.68
3981,2795093.34
3982,17544051.69
3983,25090020.84
3984,367069744.45
3985,14119098.81
3986,1144704632.95
3987,29120708.16
3988,26889554.35
3989,70908230.1
3990,44335783.51
3991,4487776.56
3992,5304448.34
3993,12988425.78
3994,62537804.13
3995,34873105.88
3996,78315846.23
3997,13627246.8
3998,77131638.36
3999,14804061.18
4000,68488824.21
4001,30378191.88
4002,186603922.88
4003,4401746.37
4004,61336377.91
4005,4719077.71
4006,29051015.6
4007,7148233.13
4008,15186639.31
4009,20260340.18
4010,4319654.34
4011,32386446.96
4012,228357542.57
4013,55696497.26
4014,4458474.4
4015,105055047.1
4016,38042728.89
4017,20272628.15
4018,96543787.11
4019,314960814.86
4020,12277118.35
4021,92425589.0
4022,6473777.51
4023,131127961.92
4024,25184891.95
4025,6559937.1
4026,57318195.39
4027,119235190.75
4028,2009349.91
4029,4094048.71
4030,28501688.6
4031,145809311.31
4032,6996905.31
4033,5388765.12
4034,8508010.38
4035,131716510.78
4036,5926187.95
4037,18772170.41
4038,11292073.29
4039,9016173.74
4040,10634229.73
4041,12820216.0
4042,88183187.24
4043,17300690.02
4044,104438818.19
4045,205496139.04
4046,28008621.23
4047,386345366.33
4048,17543584.98
4049,4722331.73
4050,15503649.1
4051,352206075.89
4052,19813159.26
4053,2715890.74
4054,3020955.49
4055,18311431.81
4056,35249629.46
4057,6302471.38
4058,41771712.96
4059,7004062.75
4060,71880079.14
4061,139942673.21
4062,48547560.65
4063,20943462.49
4064,357033496.8
4065,123223293.68
4066,6814006.97
4067,35181892.92
4068,12850654.58
4069,33858128.96
4070,32207497.58
4071,62415688.97
4072,9496661.48
4073,116684755.51
4074,1608703.67
4075,24958018.08
4076,55243326.48
4077,334508498.87
4078,13806489.8
4079,102190527.22
4080,12184183.16
4081,14295185.38
4082,319642422.34
4083,47830329.62
4084,4238576.4
4085,16704344.21
4086,104729091.67
4087,7747496.71
4088,67005432.99
4089,29829740.58
4090,2460868.01
4091,177963274.47
4092,62548566.28
4093,47044055.45
4094,4161874.56
4095,261982937.66
4096,15381832.33
4097,41091030.17
4098,37123279.21
4099,7956406.23
4100,113775633.61
4101,51001338.62
4102,37203237.51
4103,53774715.95
4104,33104451.08
4105,7266081.52
4106,15909101.17
4107,4981030.35
4108,21225529.58
4109,5277819.52
4110,32852260.76
4111,14830475.38
4112,21037732.36
4113,14133801.56
4114,427396746.03
4115,8371839.13
4116,22029599.72
4117,8690084.08
4118,72657977.33
4119,53822421.77
4120,10057288.08
4121,11749402.98
4122,166966861.39
4123,15537149.2
4124,73658932.11
4125,39929832.12
4126,7323392.2
4127,8778166.72
4128,15993896.05
4129,10465082.16
4130,15625282.23
4131,110970506.91
4132,126515389.8
4133,26564234.05
4134,19992609.38
4135,27592147.24
4136,477074329.14
4137,5702801.16
4138,45525164.51
4139,33090147.0
4140,4609547.32
4141,13779570.66
4142,66597958.18
4143,73878473.35
4144,5281157.96
4145,38682061.08
4146,9270978.92
4147,4552941.85
4148,27665329.41
4149,9990618.9
4150,5745302.97
4151,2518826.1
4152,77081008.51
4153,25461151.19
4154,1795172.07
4155,41883825.61
4156,16326473.1
4157,7944575.82
4158,18218626.73
4159,80306501.69
4160,471000300.75
4161,22342009.92
4162,38603559.73
4163,87667943.75
4164,24128177.1
4165,19172368.91
4166,6766430.96
4167,186310822.02
4168,31855068.73
4169,5524218.34
4170,8766869.15
4171,138941607.64
4172,87506388.43
4173,23284085.62
4174,4898479.08
4175,14341525.81
4176,22816511.31
4177,4116952.6
4178,377694939.36
4179,11713032.82
4180,103710081.98
4181,74938166.34
4182,16110793.03
4183,66133206.34
4184,46297646.24
4185,9165927.82
4186,14497039.43
4187,36513230.85
4188,22924975.0
4189,11386749.33
4190,4371694.66
4191,7705231.13
4192,802539.84
4193,258903009.89
4194,161196382.41
4195,13207012.64
4196,18000395.59
4197,44729014.18
4198,1510567.76
4199,22402333.77
4200,122711768.19
4201,63999490.75
4202,165756997.06
4203,37577587.15
4204,79233805.48
4205,12199322.36
4206,37139482.65
4207,383824085.02
4208,593917423.4
4209,90713220.13
4210,105717092.11
4211,52590584.27
4212,589867697.92
4213,4530166.34
4214,31173459.05
4215,13794652.17
4216,6501870.28
4217,30915705.5
4218,51089422.09
4219,23121762.69
4220,43277528.83
4221,4756136.5
4222,5792507.27
4223,106359326.64
4224,9758581.51
4225,44319924.76
4226,21100412.1
4227,24513495.94
4228,5222372.58
4229,209503655.57
4230,59558509.27
4231,5382186.26
4232,17327203.71
4233,71049204.77
4234,96516199.09
4235,35577856.86
4236,13959553.4
4237,10776307.15
4238,61520802.9
4239,197601501.01
4240,414786814.42
4241,150420195.3
4242,19174889.77
4243,9684195.36
4244,78147443.35
4245,7882985.72
4246,21619405.03
4247,76383489.54
4248,19379424.84
4249,30092997.9
4250,62715988.05
4251,4036660.63
4252,129117676.87
4253,107911121.51
4254,59350097.62
4255,70184511.23
4256,403816539.62
4257,141108168.6
4258,43712325.46
4259,9321404.32
4260,179581628.34
4261,36188650.27
4262,2959756.3
4263,8418401.16
4264,459183702.19
4265,4325095.54
4266,27572488.25
4267,41101503.7
4268,19806002.73
4269,17741803.96
4270,522050705.9
4271,29349553.33
4272,4465449.5
4273,12744913.47
4274,124494774.02
4275,17407692.69
4276,34211445.3
4277,62529186.01
4278,11554452.17
4279,53664369.7
4280,5623473.58
4281,9211758.22
4282,15039001.68
4283,2816052.25
4284,29272531.33
4285,5999183.4
4286,625858230.37
4287,31582150.73
4288,64508368.84
4289,154123264.51
4290,109756076.65
4291,19212613.89
4292,10950374.78
4293,15072617.57
4294,155730290.62
4295,115962390.93
4296,51053874.99
4297,17143655.08
4298,6897413.27
4299,10567529.51
4300,83240761.22
4301,6578490.44
4302,25137545.99
4303,14111819.69
4304,51963636.19
4305,58493054.02
4306,36127044.71
4307,4355528.31
4308,4533200.53
4309,58768500.69
4310,8823156.79
4311,7472427.17
4312,85814267.39
4313,281169243.95
4314,14119560.78
4315,138119172.12
4316,269227923.11
4317,7352616.04
4318,59407295.07
4319,4203811.95
4320,27403782.24
4321,72826392.58
4322,3483056.8
4323,30738602.56
4324,4372096.34
4325,16027785.01
4326,11130117.43
4327,139526116.21
4328,20601344.07
4329,5066598.19
4330,694918054.68
4331,66086763.7
4332,99430874.68
4333,5890106.09
4334,71914890.94
4335,104995377.51
4336,56352505.92
4337,5390310.25
4338,256693673.05
4339,170324049.85
4340,36046120.9
4341,17362396.6
4342,13582833.3
4343,38669377.08
4344,4476848.09
4345,10978079.26
4346,110497842.24
4347,121838631.54
4348,4998765.13
4349,316684389.45
4350,19933650.77
4351,441524534.99
4352,4010480.81
4353,146737219.17
4354,40591946.33
4355,34982704.11
4356,25869527.19
4357,161621199.13
4358,20781442.06
4359,36631537.13
4360,50513338.62
4361,110426336.31
4362,14463264.74
4363,72236700.09
4364,120082141.39
4365,6259316.46
4366,35098965.14
4367,60804854.45
4368,199970627.08
4369,36081574.13
4370,93121605.66
4371,174127372.48
4372,24100935.04
4373,25058338.59
4374,64437073.41
4375,8653972.06
4376,3981528.64
4377,20005001.6
4378,37889506.93
4379,146401217.64
4380,75502967.37
4381,98743162.07
4382,353611068.78
4383,237229799.88
4384,40269023.69
4385,16208068.16
4386,134368076.55
4387,91633934.39
4388,58474465.81
4389,308736909.07
4390,6989414.12
4391,3254830.98
4392,319672457.96
4393,61777366.88
4394,33791110.27
4395,8434241.59
4396,72903463.98
4397,24929323.74
4398,166646479.11
4399,3115790.77
4400,7049491.79
4401,18540552.48
4402,20884955.46
4403,35316681.64
4404,77719280.28
4405,38686807.92
4406,5902380.58
4407,5225475.79
4408,7581692.69
4409,6182763.63
4410,11137298.86
4411,7352893.25
4412,108450524.85
4413,52351335.7
4414,8022416.32
4415,14781941.2
4416,5978916.07
4417,213070944.84
4418,7034029.04
4419,108333650.48
4420,423847129.08
4421,5086756.93
4422,12979551.71
4423,4807983.41
4424,7916991.0
4425,34902431.8
4426,144194620.4
4427,93749565.03
4428,8934281.46
4429,4065394.62
4430,5863919.64
4431,1513431.68
4432,186248050.6
4433,217309160.39
4434,424579535.82
4435,25295792.73
4436,22778653.1
4437,7208261.3
4438,4877195.66
4439,12915700.15
4440,9733429.35
4441,45607994.41
4442,2682684.6
4443,3250439.58
4444,9657170.67
4445,12818592.52
4446,6558231.41
4447,126149675.44
4448,36634952.24
4449,8525004.97
4450,244585603.19
4451,512882477.47
4452,29272600.38
4453,6696922.92
4454,8319160.34
4455,11275440.14
4456,90437438.4
4457,4922117.08
4458,6987163.99
4459,68119057.71
4460,12821150.03
4461,110851982.02
4462,94482237.9
4463,8508800.8
4464,98437300.33
4465,31679184.6
4466,7514805.4
4467,51463569.77
4468,18357881.57
4469,36218450.76
4470,55744337.12
4471,4655261.6
4472,126604496.78
4473,11262595.19
4474,11567613.63
4475,6561987.03
4476,6732073.05
4477,58436125.58
4478,4693728.06
4479,12923215.56
4480,115413467.35
4481,9000176.89
4482,12985693.72
4483,3614952.82
4484,7578402.43
4485,76492823.84
4486,21150243.72
4487,31586990.92
4488,95822037.23
4489,27707037.97
4490,3406232.24
4491,154358018.14
4492,22577203.67
4493,12424387.82
4494,23266312.22
4495,8718330.81
4496,35648185.14
4497,7672572.99
4498,56122205.06
4499,7700063.82
4500,150445858.69
4501,78083326.67
4502,12046205.97
4503,554626056.88
4504,13369219.46
4505,23469490.12
4506,82768891.26
4507,2175633.22
4508,3311886.3
4509,10701086.43
4510,7595023.15
4511,212227579.9
4512,3658101.76
4513,79256152.89
4514,32025966.13
4515,248537078.75
4516,12694427.69
4517,14071550.51
4518,237412651.01
4519,107175008.03
4520,16573610.79
4521,48396930.36
4522,66186406.22
4523,37218813.52
4524,12435572.7
4525,10769879.24
4526,12163484.61
4527,53137279.13
4528,15416518.75
4529,8108261.22
4530,31053745.41
4531,9295227.11
4532,16370568.81
4533,35826303.35
4534,4005387.29
4535,98900923.74
4536,45468583.34
4537,6214984.65
4538,38659928.98
4539,8524632.66
4540,103523202.27
4541,18936373.91
4542,99746965.99
4543,108820091.91
4544,14212813.61
4545,7237692.83
4546,6314470.15
4547,1709635.11
4548,7960196.66
4549,3093202.65
4550,6194281.36
4551,893675743.16
4552,164258425.98
4553,23641788.77
4554,428926007.44
4555,4749923.67
4556,65628008.91
4557,15410784.5
4558,28506722.19
4559,73240342.49
4560,57644716.55
4561,31015060.85
4562,8068031.17
4563,320953493.05
4564,5655619.53
4565,4968110.3
4566,50926809.62
4567,82466734.94
4568,10005107.69
4569,26214697.88
4570,44893045.7
4571,3661863.19
4572,35727209.9
4573,33064250.92
4574,4597866.85
4575,6627689.63
4576,19138943.23
4577,13330029.47
4578,56300504.28
4579,21457429.1
4580,77461540.16
4581,8884507.15
4582,121052401.29
4583,197870255.46
4584,7853044.41
4585,204145865.87
4586,23948593.77
4587,2898037.3
4588,230094724.54
4589,3651162.96
4590,1086420135.93
4591,86776797.83
4592,6349607.02
4593,2033396.78
4594,56094326.32
4595,392004087.85
4596,396075820.48
4597,32909347.52
4598,191992634.8
4599,21179221.08
4600,10407937.77
4601,69906510.19
4602,31469119.69
4603,17899371.18
4604,28418873.37
4605,293499146.58
4606,165308277.34
4607,70169162.91
4608,13710259.08
4609,39997249.87
4610,179048258.01
4611,126066656.35
4612,46621000.1
4613,51271955.27
4614,7339581.75
4615,29615348.6
4616,1514272.09
4617,94801390.12
4618,12187087.17
4619,25154054.45
4620,9568058.45
4621,324347265.62
4622,20928711.85
4623,92036373.58
4624,6815057.39
4625,22176835.71
4626,20346616.42
4627,16912923.42
4628,6102473.55
4629,8202984.07
4630,13021931.23
4631,9946857.15
4632,8312367.51
4633,8905177.15
4634,7586603.84
4635,5940425.8
4636,123872911.54
4637,10195027.45
4638,17035575.11
4639,1523015.18
4640,58755923.02
4641,31759172.57
4642,19816971.59
4643,61519444.83
4644,8961437.26
4645,9975553.57
4646,1103262120.25
4647,12494137.94
4648,19018386.2
4649,125826194.24
4650,107260490.16
4651,85851089.15
4652,461471584.93
4653,4704920.33
4654,106815497.01
4655,86888216.68
4656,19868371.29
4657,5137694.28
4658,37183967.76
4659,9852901.99
4660,9732713.33
4661,37050836.0
4662,10024333.35
4663,15641873.4
4664,18440919.4
4665,55120927.7
4666,74806181.08
4667,259736936.66
4668,11885669.16
4669,17799497.37
4670,73896885.08
4671,21338900.73
4672,4229172.06
4673,20563590.1
4674,14679584.18
4675,25015461.82
4676,21556759.04
4677,4010868.53
4678,9155419.94
4679,3717200.75
4680,6249858.83
4681,36608428.37
4682,13508467.0
4683,9103633.42
4684,6280772.83
4685,42912334.47
4686,3574056.14
4687,27007446.16
4688,168011435.18
4689,4485180.03
4690,18153399.85
4691,26133679.25
4692,5005188.92
4693,14885744.54
4694,23612931.98
4695,65822523.34
4696,16347957.02
4697,96286695.84
4698,9924527.27
4699,6173374.22
4700,182402257.31
4701,207329218.64
4702,29823472.62
4703,20467041.46
4704,113429240.05
4705,71175530.15
4706,100846876.33
4707,8413958.12
4708,46557726.6
4709,4669228.91
4710,241004121.43
4711,15804971.19
4712,2996534.93
4713,223662930.29
4714,33077272.35
4715,4759192.33
4716,7695539.57
4717,26323915.79
4718,21428536.49
4719,101153396.09
4720,7928914.93
4721,15646428.68
4722,58108955.66
4723,15179398.92
4724,156278790.72
4725,11298453.51
4726,12296423.02
4727,13941456.42
4728,57417873.97
4729,160736932.83
4730,5585646.99
4731,38656231.48
4732,456833315.29
4733,5257073.28
4734,436526569.52
4735,62416342.88
4736,18505758.37
4737,74743886.05
4738,7939325.98
4739,73238181.96
4740,651478399.56
4741,5031573.07
4742,99019515.15
4743,5108962.81
4744,3846500.43
4745,488264444.08
4746,95947351.12
4747,35206692.26
4748,113908206.96
4749,7270102.13
4750,14218903.93
4751,80752990.25
4752,2850897.95
4753,19647623.29
4754,665912021.38
4755,27786564.61
4756,62684074.11
4757,185673924.21
4758,129215936.92
4759,507190441.59
4760,8073899.32
4761,22618087.5
4762,6056353.84
4763,6139946.3
4764,354896409.81
4765,25238923.33
4766,246881483.02
4767,45086072.91
4768,118234062.73
4769,74295104.39
4770,103376695.69
4771,227417904.2
4772,50239285.46
4773,26135738.72
4774,15928480.69
4775,5531725.45
4776,9402894.59
4777,277017371.83
4778,104790658.33
4779,19679588.24
4780,335297512.19
4781,4733829.36
4782,55882924.54
4783,20274748.79
4784,14285291.95
4785,19227789.63
4786,82518738.31
4787,89146652.15
4788,150480229.63
4789,8913931.07
4790,84158682.83
4791,29122526.33
4792,14880336.74
4793,49468299.75
4794,11062935.96
4795,21194136.08
4796,11890390.73
4797,780662356.59
4798,79853888.91
4799,44110048.2
4800,50384058.51
4801,1205514.64
4802,43120149.12
4803,6918726.07
4804,11414235.67
4805,4886020.47
4806,17534828.57
4807,4433082.75
4808,9247526.26
4809,85405623.13
4810,4763455.28
4811,12887961.8
4812,89878091.16
4813,147163409.5
4814,8977878.72
4815,34460252.61
4816,51006432.41
4817,16230600.61
4818,34805100.16
4819,14616110.54
4820,46554987.01
4821,7970889.22
4822,4157659.33
4823,12780886.23
4824,41188977.56
4825,103319591.08
4826,16710833.11
4827,72917104.07
4828,45563145.8
4829,43632915.2
4830,38774647.7
4831,32678794.63
4832,13748384.68
4833,9108826.09
4834,24739095.46
4835,42336066.94
4836,7651418.35
4837,237268923.34
4838,69406500.08
4839,3814882.98
4840,475278892.91
4841,5149879.66
4842,82261035.54
4843,154066575.37
4844,2830531.16
4845,44772255.02
4846,12420480.21
4847,363088217.86
4848,41124800.08
4849,228742429.66
4850,10353222.76
4851,4442432.1
4852,14568187.52
4853,135216642.5
4854,23432697.74
4855,86917863.58
4856,6009467.44
4857,28563740.92
4858,42562420.86
4859,27567623.48
4860,538489470.78
4861,208048729.51
4862,166535511.47
4863,243026124.63
4864,91470496.21
4865,39874808.98
4866,5153002.53
4867,153958242.74
4868,22421938.96
4869,4427877.61
4870,16018492.14
4871,59168138.27
4872,5309668.39
4873,10688342.75
4874,107062672.22
4875,70012407.79
4876,52506059.0
4877,56063514.22
4878,23470841.19
4879,41568693.28
4880,12706864.11
4881,8404410.94
4882,15887602.99
4883,62576865.76
4884,157474087.08
4885,12269383.45
4886,41431914.33
4887,8557049.1
4888,15676032.31
4889,7696283.04
4890,142026230.85
4891,16316874.87
4892,8508266.86
4893,74131852.39
4894,14205481.16
4895,14191851.72
4896,185681084.08
4897,3396190.49
4898,122603934.23
4899,110533475.16
4900,299334556.54
4901,60785947.51
4902,6958288.96
4903,9907918.73
4904,286903242.0
4905,25940839.16
4906,4287575.65
4907,996972454.33
4908,54960499.62
4909,97711713.23
4910,69196943.03
4911,35561077.97
4912,106279653.21
4913,34433145.79
4914,106166205.56
4915,92807018.71
4916,22249616.75
4917,11247582.63
4918,192877425.95
4919,36674088.2
4920,79078456.88
4921,77886904.75
4922,6916739.11
4923,6245028.21
4924,113383685.14
4925,160512291.36
4926,4164169.96
4927,11994843.35
4928,79505787.43
4929,14308341.06
4930,8069111.9
4931,19911624.97
4932,8805747.57
4933,151333853.23
4934,9840516.1
4935,488024567.72
4936,6616720.64
4937,4350603.82
4938,14013102.3
4939,4297375.01
4940,11584368.86
4941,129383644.32
4942,5798143.93
4943,72864871.82
4944,147106961.61
4945,26509104.91
4946,4892441.15
4947,1817286.61
4948,9102632.48
4949,44225762.31
4950,50118231.38
4951,54270792.51
4952,25377249.09
4953,138102367.21
4954,55945545.29
4955,11905591.49
4956,5684395.33
4957,47313233.42
4958,12790297.52
4959,28668625.74
4960,11790856.57
4961,163974810.95
4962,17524573.94
4963,85115306.43
4964,10328415.77
4965,3314807.64
4966,13956283.54
4967,97995041.47
4968,29606299.61
4969,4873151.72
4970,6138938.1
4971,109411404.22
4972,24905675.66
4973,17819049.67
4974,102772148.81
4975,8225452.25
4976,2195988.91
4977,109897003.2
4978,11204290.78
4979,16874507.29
4980,47478224.46
4981,9213953.59
4982,173107816.62
4983,4118833.64
4984,48782609.45
4985,372525971.35
4986,5088606.41
4987,16109939.96
4988,3379193.73
4989,37928862.05
4990,6818241.33
4991,23490457.95
4992,261629426.21
4993,18839564.83
4994,85122996.1
4995,4748782.95
4996,33214348.79
4997,82383693.62
4998,18837412.31
4999,85806637.91
5000,158720008.47
5001,237140646.94
5002,270602256.66
5003,91361277.27
5004,36159044.28
5005,35649968.94
5006,326023351.98
5007,39957288.59
5008,454522043.14
5009,82019910.8
5010,8925751.83
5011,13440830.67
5012,86679085.39
5013,19897937.28
5014,75456830.6
5015,18082295.03
5016,151244815.27
5017,26840012.15
5018,15533245.46
5019,116138305.45
5020,24280070.48
5021,4047099.4
5022,49092083.14
5023,6712282.59
5024,117306954.79
5025,10269761.05
5026,193672714.96
5027,36358111.71
5028,88825923.03
5029,93858597.34
5030,41778959.0
5031,6119419.8
5032,148334552.4
5033,9314264.45
5034,17033745.74
5035,8187136.51
5036,20661367.02
5037,84357813.94
5038,320616131.07
5039,14668752.9
5040,122104614.63
5041,40107870.24
5042,17144228.29
5043,45772723.72
5044,129022327.2
5045,8737697.46
5046,6598341.65
5047,11735916.58
5048,8712629.17
5049,108013777.12
5050,4408370.86
5051,337398402.98
5052,170510355.0
5053,36754537.67
5054,28594232.47
5055,13468437.27
5056,14547264.47
5057,10360982.83
5058,22541635.28
5059,36815808.35
5060,129204976.2
5061,41869439.73
5062,6476014.69
5063,4157190.31
5064,67270793.15
5065,12752039.06
5066,28221559.6
5067,46300754.71
5068,25131600.13
5069,81440273.85
5070,22120473.46
5071,248753985.58
5072,113472318.96
5073,14272941.43
5074,10761580.08
5075,35495829.98
5076,52461293.08
5077,121260359.31
5078,13163630.71
5079,9361712.33
5080,84419404.14
5081,148730306.52
5082,21426013.11
5083,2942992.98
5084,12925090.64
5085,2053470.92
5086,11784826.64
5087,7473212.8
5088,11354456.07
5089,4741992.39
5090,21762744.22
5091,36924950.09
5092,48884847.15
5093,55667705.86
5094,55645993.23
5095,120051858.03
5096,44090495.52
5097,4896481.83
5098,8406401.28
5099,13388548.6
5100,11098692.08
5101,6826519.65
5102,7199480.55
5103,2157277.41
5104,56167829.39
5105,3779131.17
5106,9406737.35
5107,32740105.8
5108,14585361.29
5109,3942947.73
5110,20958747.56
5111,107123950.11
5112,15791855.52
5113,4224994.28
5114,16030193.0
5115,3195168.7
5116,13793699.51
5117,482413069.89
5118,52122817.57
5119,5701623.1
5120,4446292.94
5121,97529816.87
5122,38810845.88
5123,7530939.1
5124,6652020.22
5125,17208237.84
5126,27891473.03
5127,57762119.06
5128,1030116.39
5129,4161321.81
5130,27125695.6
5131,41059287.56
5132,64644402.29
5133,241284101.04
5134,126366733.68
5135,199070659.43
5136,2529888.82
5137,94399076.22
5138,13132851.17
5139,166693083.59
5140,203546422.27
5141,68099372.05
5142,134074119.7
5143,89138482.0
5144,75791973.19
5145,19030148.15
5146,11076397.36
5147,8927794.21
5148,20921007.21
5149,9932178.92
5150,354989742.42
5151,497674479.72
5152,110417146.27
5153,26563570.43
5154,72538640.93
5155,2820734.69
5156,548125085.29
5157,18295388.54
5158,3706746.14
5159,87299641.09
5160,39377295.87
5161,75546658.89
5162,94324252.74
5163,237097959.35
5164,10557387.26
5165,54215554.76
5166,145884850.98
5167,8093602.66
5168,13479029.21
5169,12237328.78
5170,13676770.05
5171,163020425.91
5172,16849673.71
5173,84867527.13
5174,105303025.58
5175,4124367.29
5176,12966041.61
5177,223951681.81
5178,666849629.58
5179,6325526.58
5180,23553242.36
5181,4858042.26
5182,61848437.85
5183,7875153.74
5184,32654830.69
5185,18640981.27
5186,18090593.03
5187,3073441.66
5188,11100094.05
5189,65301955.07
5190,393495292.44
5191,14851879.59
5192,142795711.89
5193,84816889.97
5194,42280294.75
5195,240523889.25
5196,96002546.9
5197,44189051.66
5198,96783300.26
5199,16710792.43
5200,14316265.08
5201,37051513.59
5202,12005801.79
5203,7997007.79
5204,6643806.97
5205,12290494.49
5206,42003609.94
5207,8224407.0
5208,29387321.06
5209,92931734.85
5210,45096098.48
5211,19429156.34
5212,23287751.54
5213,52287477.9
5214,4136598.59
5215,10570480.25
5216,71848408.05
5217,17302299.25
5218,26016397.15
5219,16687962.48
5220,67666790.34
5221,5919417.12
5222,15027689.01
5223,201515030.91
5224,5354593.48
5225,5744849.62
5226,101249928.0
5227,5895119.71
5228,33290829.34
5229,288085617.12
5230,15062473.93
5231,19561596.76
5232,5086454.94
5233,10177512.73
5234,90114242.81
5235,30126303.2
5236,181909074.95
5237,153320349.16
5238,22072901.2
5239,46140833.39
5240,159892471.66
5241,66427055.12
5242,45457455.18
5243,6259591.13
5244,118190684.1
5245,9075628.91
5246,8516040.16
5247,53866955.57
5248,5372884.44
5249,69185671.34
5250,235953487.68
5251,2935434.01
5252,4509253.68
5253,11231402.85
5254,4839234.83
5255,94777589.95
5256,49646479.76
5257,10887601.54
5258,4231725.59
5259,240543046.65
5260,25763722.7
5261,53645753.45
5262,8302682.66
5263,94861761.09
5264,5852431.41
5265,29761248.63
5266,47106341.6
5267,5431327.07
5268,24919286.07
5269,121290531.66
5270,58990671.39
5271,12531092.17
5272,80325006.86
5273,5584902.02
5274,77322231.83
5275,14835483.99
5276,5032463.89
5277,5080404.83
5278,28667818.84
5279,11899636.48
5280,9791802.02
5281,46089756.4
5282,16896726.62
5283,12356451.34
5284,12460766.7
5285,65295730.93
5286,5540682.49
5287,11637322.64
5288,8800758.07
5289,187599833.29
5290,164476721.99
5291,474069180.66
5292,200133852.36
5293,194696950.42
5294,5630143.63
5295,497845225.95
5296,9341142.81
5297,73408226.75
5298,131251710.62
5299,13554619.61
5300,8094482.89
5301,11557704.58
5302,74096718.21
5303,10707958.98
5304,14951984.11
5305,5636901.65
5306,91601724.38
5307,230291796.46
5308,2893903.27
5309,4259669.14
5310,111860782.07
5311,8384831.28
5312,133244441.36
5313,461333776.35
5314,92401310.25
5315,6781889.51
5316,44790787.34
5317,16980456.93
5318,12296928.68
5319,53602518.13
5320,31563084.45
5321,40252370.82
5322,5136843.35
5323,190463138.68
5324,44457434.38
5325,17360273.11
5326,19678893.85
5327,140879652.15
5328,37127827.7
5329,5883472.45
5330,152839820.89
5331,5100148.07
5332,8877593.19
5333,54031185.02
5334,48472656.04
5335,8981963.88
5336,46095766.55
5337,5905153.23
5338,79000808.99
5339,23161749.83
5340,4008765.74
5341,107474109.94
5342,125503598.72
5343,49482061.61
5344,138870925.04
5345,4076419.59
5346,131000478.57
5347,11335335.51
5348,18937663.75
5349,1375594.14
5350,6473031.92
5351,90499796.01
5352,12282738.35
5353,29381342.2
5354,69605011.36
5355,56397097.31
5356,9559924.2
5357,8761625.83
5358,170758074.63
5359,59952526.66
5360,108598485.13
5361,3522751.7
5362,8580519.71
5363,27190722.98
5364,10329318.98
5365,107797768.83
5366,46995180.0
5367,62336537.08
5368,18989835.13
5369,458666653.32
5370,68315268.16
5371,60439961.79
5372,544868238.44
5373,34507377.27
5374,119692572.83
5375,99381277.56
5376,170496548.34
5377,17151446.38
5378,12847645.41
5379,10406742.99
5380,61381002.26
5381,99282431.3
5382,70810540.76
5383,1872688.61
5384,242562538.98
5385,115884368.04
5386,13451665.08
5387,15186828.6
5388,193870491.43
5389,20623782.9
5390,12810232.9
5391,39725010.49
5392,5069537.24
5393,5467124.39
5394,53795554.12
5395,12774466.62
5396,196453513.52
5397,6351076.58
5398,13337405.76
5399,3468025.58
5400,7746114.22
5401,92150230.32
5402,92272229.44
5403,60580665.36
5404,8162682.76
5405,138728073.61
5406,3318089.67
5407,279137175.4
5408,422844597.47
5409,99151200.75
5410,8566973.75
5411,41984338.32
5412,4044834.17
5413,18016764.26
5414,114764646.13
5415,84116164.65
5416,32012860.76
5417,118545035.72
5418,4633169.26
5419,9103163.83
5420,51559268.96
5421,54379423.8
5422,82054627.66
5423,210503144.21
5424,206604183.69
5425,32614708.78
5426,14740365.87
5427,11547629.53
5428,7023402.16
5429,106336347.08
5430,197474953.05
5431,58702190.73
5432,107017599.89
5433,35504336.78
5434,72261805.88
5435,9786631.59
5436,30761892.07
5437,60381811.93
5438,14951620.55
5439,1466365.62
5440,80024852.83
5441,4866805.32
5442,141253056.0
5443,109252770.95
5444,80183984.7
5445,81443131.47
5446,104349646.19
5447,28595174.46
5448,9801505.63
5449,97374159.4
5450,15775658.92
5451,55480400.91
5452,8522350.2
5453,184866911.87
5454,114258665.85
5455,11371616.95
5456,10141126.95
5457,46543131.69
5458,11799630.48
5459,17353165.69
5460,1862857.01
5461,3578722.72
5462,9353769.61
5463,873830925.53
5464,8641015.02
5465,30585757.92
5466,113026240.45
5467,113885782.17
5468,124212840.98
5469,4027821.45
5470,274206637.88
5471,125668524.29
5472,101912861.47
5473,26302109.73
5474,33735869.95
5475,36469846.88
5476,9873190.92
5477,19329357.16
5478,77323909.26
5479,109699355.81
5480,53899677.05
5481,11785226.54
5482,21332072.4
5483,47858575.92
5484,97545685.89
5485,13189215.28
5486,9313586.41
5487,417577406.07
5488,93810401.04
5489,55463697.93
5490,9298237.97
5491,208663843.41
5492,37841660.48
5493,17739204.9
5494,3912312.77
5495,41641038.33
5496,71097654.11
5497,40139231.09
5498,8485808.97
5499,100045323.88
5500,41214281.01
5501,1305393.39
5502,12560602.94
5503,15855886.7
5504,39917924.7
5505,5061483.06
5506,494347590.76
5507,48904152.64
5508,133071687.71
5509,115895612.03
5510,42727745.27
5511,14480270.71
5512,112375297.23
5513,9176045.76
5514,34751300.76
5515,12471423.64
5516,4292422.93
5517,273729851.78
5518,21612839.97
5519,172117076.24
5520,5503195.97
5521,35690461.86
5522,3848957.1
5523,496213436.12
5524,371818140.74
5525,56066113.15
5526,10148534.52
5527,4930939.41
5528,82968467.51
5529,5061335.04
5530,310775333.5
5531,7228602.41
5532,15039334.71
5533,118314771.34
5534,490438783.2
5535,5896326.04
5536,5209967.18
5537,14787452.24
5538,27721425.56
5539,196471377.36
5540,57836997.7
5541,180839125.54
5542,6990416.64
5543,8199137.42
5544,100582955.73
5545,4536886.64
5546,4886436.77
5547,20501821.24
5548,22819419.24
5549,82745040.44
5550,52775636.29
5551,15214401.03
5552,97229447.46
5553,74920663.46
5554,31885034.45
5555,29092900.51
5556,33705339.37
5557,14328331.34
5558,526105229.08
5559,11300842.21
5560,15931745.6
5561,30347630.5
5562,61314068.05
5563,3885840.27
5564,3303615.12
5565,17672644.13
5566,10833263.02
5567,2719664.74
5568,36003435.38
5569,78199801.89
5570,53550530.6
5571,129978805.4
5572,5466662.88
5573,186256415.06
5574,14026515.48
5575,197025507.37
5576,65106370.47
5577,33013965.39
5578,6289995.42
5579,12327325.76
5580,4183097.48
5581,38115334.67
5582,40236681.12
5583,69433066.3
5584,56825693.13
5585,9508653.29
5586,2093587.52
5587,54471460.31
5588,164422951.02
5589,103441722.88
5590,11098876.17
5591,55883478.91
5592,8187397.54
5593,55427971.14
5594,9516012.94
5595,44960089.21
5596,178483091.9
5597,15385354.54
5598,20204191.57
5599,11349085.84
5600,16196762.25
5601,42285104.83
5602,110231252.81
5603,6584422.05
5604,31139327.05
5605,129941559.02
5606,108464936.21
5607,42033035.08
5608,91210915.11
5609,15001592.89
5610,32006017.22
5611,85241208.06
5612,569963374.83
5613,10119783.18
5614,20228903.48
5615,91126668.78
5616,10764452.34
5617,276812045.93
5618,38384009.11
5619,89461753.7
5620,11568402.11
5621,72667606.71
5622,34416862.51
5623,44171970.28
5624,576059663.44
5625,6809713.23
5626,15670676.91
5627,146761722.88
5628,41168731.75
5629,287355678.36
5630,14085490.44
5631,108519732.55
5632,77681763.28
5633,18190128.48
5634,16872078.63
5635,119053683.3
5636,6087697.5
5637,5229468.3
5638,136810037.5
5639,11367540.64
5640,8750669.13
5641,94081892.33
5642,19167756.36
5643,7473894.18
5644,539691967.67
5645,164418220.74
5646,18067245.31
5647,29525056.92
5648,79802277.86
5649,7721714.11
5650,118173425.71
5651,38633300.83
5652,3472175.59
5653,223247927.76
5654,101089346.7
5655,102248317.37
5656,632844695.09
5657,10879819.6
5658,4355372.37
5659,20341528.55
5660,103574623.12
5661,13205360.5
5662,292774478.99
5663,9989588.18
5664,4707204.87
5665,90371537.85
5666,11860814.48
5667,42079003.67
5668,13604320.8
5669,4725511.02
5670,383815967.82
5671,31940928.55
5672,15696159.53
5673,111041465.26
5674,17965102.07
5675,8252535.14
5676,1612120.61
5677,130092393.45
5678,102035913.23
5679,10621543.44
5680,22773890.62
5681,967329773.79
5682,7079781.85
5683,384243017.73
5684,96320798.72
5685,18261591.58
5686,4553098.33
5687,115248577.47
5688,21075941.0
5689,27963269.07
5690,13784984.66
5691,83464378.59
5692,655299960.74
5693,33295662.89
5694,75985252.94
5695,18055403.16
5696,58423673.43
5697,3696839.22
5698,21568402.56
5699,6710238.86
5700,129499184.22
5701,17585938.25
5702,54818509.04
5703,73934360.07
5704,60701501.44
5705,22151762.33
5706,3717580.6
5707,24966515.19
5708,16348718.31
5709,11257523.17
5710,9682614.0
5711,35942170.74
5712,302421182.31
5713,14697345.76
5714,11893592.15
5715,21184478.12
5716,7267425.81
5717,21277326.07
5718,20396614.0
5719,52259759.93
5720,23621623.32
5721,141853331.88
5722,7582792.42
5723,46529157.02
5724,5504488.79
5725,7596020.12
5726,65158266.39
5727,166629936.05
5728,18213162.19
5729,206887240.51
5730,11412673.34
5731,4419956.07
5732,16752057.72
5733,6403945.81
5734,52882032.21
5735,4652268.17
5736,68490212.43
5737,66481199.55
5738,118893068.08
5739,11615048.91
5740,103834292.17
5741,95520274.77
5742,67024949.85
5743,70577167.51
5744,5825289.38
5745,28720788.32
5746,53012939.24
5747,4670848.57
5748,105440178.23
5749,63376559.46
5750,75097426.07
5751,78986527.38
5752,5119170.9
5753,313599608.07
5754,35909573.54
5755,82060032.85
5756,23208273.02
5757,17908406.67
5758,599193.3
5759,8435602.13
5760,14787979.91
5761,5314092.97
5762,132445061.92
5763,88531283.44
5764,5983219.4
5765,44918656.75
5766,62998554.12
5767,53654410.15
5768,31249445.96
5769,398893762.01
5770,7013747.94
5771,36262682.7
5772,19918392.14
5773,361352738.75
5774,86538068.34
5775,42094064.27
5776,16055917.0
5777,159646860.59
5778,109503876.79
5779,290323129.86
5780,9160400.22
5781,93975604.88
5782,53010401.39
5783,102145035.62
5784,8775871.76
5785,121751036.66
5786,14900029.63
5787,210185565.19
5788,7024179.27
5789,43796118.51
5790,102144704.92
5791,77500801.19
5792,22859483.84
5793,61620637.69
5794,68742009.42
5795,89458118.08
5796,27419915.65
5797,74984173.08
5798,4191657.62
5799,296570289.7
5800,1352225.41
5801,24110308.08
5802,10760938.6
5803,10539255.21
5804,388805677.53
5805,13322665.34
5806,15594048.59
5807,51243230.52
5808,97753559.03
5809,16445760.27
5810,11171435.89
5811,10682091.65
5812,138190792.74
5813,147752684.94
5814,10394752.59
5815,6547836.97
5816,11685399.47
5817,10788915.29
5818,12455353.49
5819,66090496.41
5820,11575279.04
5821,6692957.71
5822,4110251.03
5823,71693203.29
5824,40067908.5
5825,9162835.64
5826,21661804.18
5827,12109941.09
5828,533412034.03
5829,161554594.68
5830,52200481.3
5831,72527525.26
5832,44651802.33
5833,35457022.53
5834,47521496.88
5835,5058588.19
5836,108148636.06
5837,52536482.0
5838,5018170.73
5839,128895138.19
5840,6699891.64
5841,109050098.79
5842,91159295.98
5843,7146366.1
5844,11869175.28
5845,6013024.12
5846,13887231.54
5847,106464409.51
5848,45439752.73
5849,5792839.39
5850,50633569.73
5851,13064477.19
5852,15852905.92
5853,50523013.44
5854,23726491.28
5855,171047471.73
5856,35346521.21
5857,654609056.29
5858,4227515.11
5859,53422171.81
5860,140837025.66
5861,4878106.72
5862,21916099.84
5863,139811475.46
5864,531314762.43
5865,30126045.42
5866,16411806.43
5867,12728079.23
5868,53204200.68
5869,10119243.43
5870,2040413.34
5871,167472343.52
5872,229394144.51
5873,14516112.42
5874,11261613.09
5875,57023524.96
5876,73201982.16
5877,8678678.17
5878,92677561.17
5879,9380681.47
5880,111448483.28
5881,151873640.86
5882,269038128.76
5883,9796303.6
5884,55422015.42
5885,21416816.45
5886,23986816.37
5887,16489101.84
5888,20784437.59
5889,9098521.32
5890,60463846.54
5891,44024109.79
5892,56832721.84
5893,11615273.14
5894,114186993.6
5895,39584811.52
5896,143065221.87
5897,1599360.84
5898,67762044.39
5899,16767630.36
5900,16360289.17
5901,4928116.98
5902,7594285.55
5903,103098035.49
5904,75356973.29
5905,119894523.68
5906,77840192.44
5907,12139370.38
5908,74333746.09
5909,26857462.65
5910,147599085.52
5911,11215347.7
5912,285416811.37
5913,64738286.17
5914,11017029.46
5915,10185195.91
5916,68221238.07
5917,226269554.15
5918,122540907.42
5919,55209225.54
5920,6600986.94
5921,59660406.11
5922,13600780.07
5923,34014186.72
5924,8838743.76
5925,512033764.86
5926,12513382.55
5927,3395772.97
5928,69299035.6
5929,4552144.96
5930,126892111.34
5931,55377964.29
5932,5497989.94
5933,15174522.99
5934,161969566.51
5935,294477064.17
5936,155015230.26
5937,5279760.16
5938,4905805.51
5939,25700540.11
5940,86881086.46
5941,14168677.87
5942,129422602.94
5943,7698107.25
5944,39736672.82
5945,11880734.45
5946,3801713.48
5947,4091079.42
5948,200423329.38
5949,8967510.7
5950,272363671.19
5951,71315321.97
5952,9965016.72
5953,185390383.32
5954,36046073.29
5955,53669461.13
5956,65640093.65
5957,58119522.58
5958,185349814.74
5959,8863375.46
5960,12135625.88
5961,3615440.62
5962,12390661.26
5963,93197818.19
5964,78570867.68
5965,79502709.59
5966,73494987.01
5967,480598156.29
5968,107716109.86
5969,54979895.97
5970,46066167.19
5971,6332906.78
5972,38703807.43
5973,103887855.28
5974,10687752.8
5975,13256753.49
5976,9816243.12
5977,6399687.72
5978,808563951.88
5979,15107403.49
5980,269291064.13
5981,19163539.29
5982,221084715.5
5983,5315602.0
5984,34709083.21
5985,99198971.09
5986,4637473.96
5987,33808580.57
5988,49542713.47
5989,4058486.25
5990,129239576.71
5991,18985569.16
5992,50073777.35
5993,43939697.04
5994,1805297.72
5995,29026191.85
5996,38511841.43
5997,19941928.06
5998,450175482.37
5999,8179798.57
6000,7506409.41
6001,14106001.51
6002,6196859.2
6003,565967016.91
6004,34717726.48
6005,8451244.93
6006,22084177.96
6007,10022073.67
6008,22109626.17
6009,104233214.05
6010,121635805.68
6011,42786513.99
6012,28797710.88
6013,324651222.96
6014,3804930.96
6015,17086791.65
6016,42201696.23
6017,4157808.91
6018,45658170.46
6019,2504353.83
6020,4359501.6
6021,12007424.4
6022,7647125.1
6023,110800161.03
6024,4832328.98
6025,17539978.07
6026,135380564.99
6027,19848917.51
6028,123183459.03
6029,13089484.19
6030,308395522.87
6031,50021263.24
6032,4425595.45
6033,59667692.38
6034,13471481.51
6035,372407658.14
6036,2816673.87
6037,9373130.01
6038,3996397.08
6039,10846133.55
6040,82558423.75
6041,324071883.9
6042,4622345.25
6043,194390952.2
6044,9083218.82
6045,56510022.54
6046,2926883.16
6047,19590666.58
6048,10131825.22
6049,3041521.71
6050,4698817.78
6051,2652450.66
6052,86393437.75
6053,4254567.09
6054,15787064.52
6055,12309426.58
6056,29847125.14
6057,4484202.11
6058,58995366.95
6059,141375084.59
6060,58232372.03
6061,99162138.56
6062,11680941.54
6063,104703021.02
6064,5167603.85
6065,173730465.04
6066,64717904.89
6067,66033495.31
6068,738622.13
6069,157862138.87
6070,222002520.7
6071,11477052.26
6072,28864190.91
6073,38200641.05
6074,2707606.55
6075,18613299.92
6076,132388854.56
6077,21669859.15
6078,71875027.44
6079,484309502.21
6080,9168616.75
6081,2015479.2
6082,3827716.58
6083,130775601.01
6084,32068768.37
6085,35330108.8
6086,9470775.5
6087,84935157.86
6088,17035324.29
6089,10208185.33
6090,435367767.66
6091,11309957.31
6092,9930628.33
6093,15710893.38
6094,129314220.45
6095,207924624.25
6096,12541355.31
6097,42245883.85
6098,23562712.92
6099,37216968.05
6100,74848418.79
6101,163332324.41
6102,78592361.74
6103,96662549.26
6104,5245128.8
6105,10700294.03
6106,4307699.72
6107,4398647.62
6108,42493274.57
6109,23032575.73
6110,99272152.6
6111,1390899.9
6112,4474354.52
6113,9841258.67
6114,99735905.14
6115,141796963.68
6116,5046547.79
6117,19756533.93
6118,108062601.3
6119,93329249.47
6120,53073374.68
6121,7577801.56
6122,97282782.29
6123,1188811.0
6124,4481381.73
6125,6140955.33
6126,20312993.42
6127,24783400.75
6128,334440763.69
6129,10104727.99
6130,4668777.76
6131,19145789.5
6132,3980981.63
6133,16583351.44
6134,55959762.91
6135,60399713.66
6136,427947804.38
6137,157544752.64
6138,13164213.12
6139,1033764090.15
6140,9233709.56
6141,27798136.25
6142,6755781.61
6143,22728694.93
6144,23674659.93
6145,24021869.11
6146,38149286.48
6147,67684772.04
6148,11469211.64
6149,102827420.64
6150,549707597.94
6151,23937057.25
6152,1115522913.43
6153,11947998.39
6154,4263733.89
6155,94953482.44
6156,8091405.75
6157,17176960.42
6158,90042020.45
6159,18993892.59
6160,36185656.63
6161,23167769.53
6162,27212854.23
6163,13150865.39
6164,7744337.64
6165,43637856.19
6166,53593747.35
6167,15351187.64
6168,35574292.12
6169,74000543.29
6170,12899621.01
6171,22697389.42
6172,4797558.4
6173,28194788.16
6174,66470358.33
6175,16582827.07
6176,18790032.46
6177,96661182.98
6178,9834692.87
6179,228702001.24
6180,42706028.45
6181,16550760.17
6182,439830646.85
6183,21587383.91
6184,655485468.04
6185,37517871.34
6186,35225292.51
6187,6171967.28
6188,36716276.28
6189,9478041.85
6190,122740941.01
6191,13214098.71
6192,96207041.62
6193,25086489.24
6194,7099896.42
6195,7511843.0
6196,69157522.81
6197,5021988.06
6198,115776130.9
6199,622089381.46
6200,5041198.81
6201,11508035.88
6202,125615803.76
6203,547739294.35
6204,4932071.39
6205,9288792.62
6206,92920441.31
6207,77112732.22
6208,75731151.18
6209,4481413.56
6210,6351063.71
6211,86913669.67
6212,15184274.33
6213,143672670.03
6214,13404699.39
6215,21571981.07
6216,37271091.13
6217,5767431.46
6218,4250145.2
6219,29728434.87
6220,2050101.35
6221,14572016.05
6222,6714411.5
6223,65761097.57
6224,96592218.19
6225,112747169.97
6226,10060238.97
6227,12351771.78
6228,3682103.93
6229,5989333.28
6230,6731123.23
6231,82781482.05
6232,4689026.58
6233,227430750.33
6234,56602713.1
6235,55819634.66
6236,46058729.33
6237,10503862.33
6238,9739950.78
6239,153141574.92
6240,255899624.76
6241,5762544.95
6242,6937951.48
6243,16933086.52
6244,53152739.75
6245,9872523.63
6246,8550817.14
6247,729332626.14
6248,28395972.89
6249,12279693.38
6250,73077616.55
6251,149603156.83
6252,34966999.71
6253,16195032.52
6254,142883246.34
6255,3198055.27
6256,27421518.54
6257,166361138.17
6258,3807287.23
6259,10195237.35
6260,3335438.44
6261,270945954.34
6262,22359551.49
6263,74994780.7
6264,13113137.14
6265,24696731.3
6266,9052295.7
6267,153687308.2
6268,3998176.17
6269,145991261.61
6270,107977635.39
6271,320281973.32
6272,4762046.15
6273,30319798.14
6274,289314218.07
6275,53583724.47
6276,15030868.08
6277,23300538.63
6278,5071105.63
6279,29619630.57
6280,21147741.9
6281,18829184.07
6282,372159130.53
6283,52472222.27
6284,101252870.79
6285,39248682.75
6286,9940959.25
6287,20609160.92
6288,147282933.61
6289,175546885.79
6290,3744818.37
6291,83360892.29
6292,167154542.06
6293,389288715.33
6294,2778582.59
6295,352755385.16
6296,7630581.52
6297,52181912.99
6298,5130125.99
6299,4055100.27
6300,70293608.99
6301,45737615.45
6302,16069335.95
6303,21355637.33
6304,84303415.71
6305,175733973.22
6306,74813645.58
6307,5259182.69
6308,8878188.08
6309,12215187.0
6310,73642218.06
6311,3936889.39
6312,14044228.34
6313,54943786.7
6314,64133502.71
6315,5029796.84
6316,32351603.72
6317,159125644.72
6318,78246719.44
6319,77859280.25
6320,6776649.35
6321,219492228.91
6322,26554657.73
6323,29658759.44
6324,4213852.57
6325,39578035.75
6326,25251437.09
6327,29892598.04
6328,35306786.67
6329,21648139.64
6330,12139077.57
6331,142882115.24
6332,7140020.71
6333,11999162.97
6334,3495447.27
6335,108697938.35
6336,49856081.85
6337,103021912.94
6338,2157055.61
6339,33170453.71
6340,2133358.5
6341,24320270.12
6342,5948220.31
6343,59639708.45
6344,72574690.0
6345,8637682.57
6346,169443809.24
6347,107037109.01
6348,7113997.99
6349,63052531.46
6350,5547307.69
6351,170773588.63
6352,101395670.59
6353,4894143.11
6354,7532412.53
6355,4784958.86
6356,16358763.67
6357,21809480.87
6358,13686950.98
6359,17792498.44
6360,8269971.82
6361,196155632.8
6362,17902645.61
6363,11013160.64
6364,17304882.6
6365,129160800.28
6366,13167141.49
6367,15118748.16
6368,41132034.04
6369,12016989.46
6370,167222060.67
6371,21431384.8
6372,26832073.68
6373,5916852.54
6374,14945512.82
6375,188871626.29
6376,37617958.11
6377,9504945.71
6378,10356595.59
6379,394023617.21
6380,26412676.23
6381,496435749.15
6382,73855762.31
6383,56172663.38
6384,60128787.78
6385,5549607.47
6386,351338653.19
6387,13002923.45
6388,15198280.48
6389,4885577.77
6390,54431728.35
6391,7780364.66
6392,12337730.25
6393,183727018.24
6394,345369735.99
6395,4948383.0
6396,9891982.86
6397,17599703.43
6398,8207138.7
6399,24718039.24
6400,19506352.82
6401,6276734.8
6402,5029329.6
6403,2689649.15
6404,46076211.29
6405,6037681.98
6406,12650336.48
6407,21774136.66
6408,33334230.58
6409,83588241.43
6410,18320233.69
6411,2107860.02
6412,10103102.14
6413,21895842.65
6414,573660528.99
6415,4397580.53
6416,16103349.05
6417,95751251.21
6418,68048656.04
6419,23135022.63
6420,36239828.93
6421,45625779.79
6422,4744543.69
6423,7170609.86
6424,53010907.69
6425,36387704.45
6426,22602461.43
6427,9243419.79
6428,6019692.66
6429,33426713.49
6430,102780738.95
6431,123545880.46
6432,125810914.01
6433,63137548.22
6434,25277951.69
6435,114473638.32
6436,101052160.88
6437,18939158.24
6438,44749895.08
6439,31501290.5
6440,93539744.58
6441,13058899.18
6442,15850361.15
6443,33552302.71
6444,6103838.79
6445,372844772.68
6446,307307727.02
6447,9898038.7
6448,9823745.12
6449,32016537.38
6450,23149725.51
6451,5309846.55
6452,32636234.05
6453,96307924.25
6454,40685939.91
6455,13646990.33
6456,13481340.38
6457,213822198.53
6458,12469955.61
6459,25753806.83
6460,100629550.26
6461,100561748.22
6462,168206818.93
6463,4287718.0
6464,19897895.99
6465,8103804.39
6466,26973695.8
6467,4060964.13
6468,5446955.08
6469,9627544.24
6470,10167208.93
6471,4715407.86
6472,12171860.45
6473,17184832.69
6474,16026381.1
6475,13600179.06
6476,302862805.31
6477,59758162.35
6478,17686250.69
6479,321664499.49
6480,69654196.03
6481,61243906.06
6482,3027906.14
6483,6473011.98
6484,146306328.92
6485,99167674.89
6486,5647757.15
6487,131363530.9
6488,64677802.89
6489,12642828.6
6490,16915245.61
6491,36592933.43
6492,13914745.12
6493,35964711.39
6494,159000517.75
6495,16875076.33
6496,360083125.4
6497,269230598.68
6498,26200685.41
6499,18053323.09
6500,10613313.02
6501,6630471.63
6502,97130385.99
6503,38458281.68
6504,14737334.15
6505,24848563.33
6506,19777528.06
6507,11636677.6
6508,86831242.68
6509,13962300.45
6510,5695247.56
6511,13027546.64
6512,15383716.57
6513,33487501.68
6514,5783380.19
6515,412785871.46
6516,30036926.25
6517,3243635.55
6518,11277606.55
6519,64497989.35
6520,6881234.04
6521,311009920.5
6522,71136785.69
6523,32320153.9
6524,30413065.31
6525,91433780.46
6526,322902885.62
6527,1831017.11
6528,6228024.59
6529,10068548.81
6530,115634893.76
6531,9852461.17
6532,12962738.03
6533,7189852.41
6534,630681135.84
6535,14200798.57
6536,56867676.98
6537,50161279.83
6538,57892935.61
6539,208503026.59
6540,199857253.57
6541,95614648.94
6542,45433686.29
6543,827708.39
6544,35179360.65
6545,25270798.22
6546,360240368.39
6547,6030417.15
6548,63515350.36
6549,79337960.4
6550,21256418.24
6551,87647466.52
6552,31833974.51
6553,8064435.01
6554,27231415.9
6555,21707548.24
6556,68578537.47
6557,16431310.2
6558,114126546.33
6559,104466634.64
6560,284528631.5
6561,11379953.1
6562,82184168.37
6563,20774026.19
6564,12090669.66
6565,38251025.18
6566,52688161.79
6567,4780025.86
6568,30582037.8
6569,2944014.99
6570,103548927.0
6571,13050922.36
6572,4860756.13
6573,44683103.25
6574,44508694.65
6575,12035223.96
6576,13575154.03
6577,14389449.97
6578,27756287.66
6579,18983142.05
6580,10705708.89
6581,37201576.15
6582,5775346.12
6583,7388857.78
6584,1953662.55
6585,92858717.24
6586,41558345.73
6587,16773962.39
6588,8899538.74
6589,61032568.82
6590,157393394.46
6591,23942131.56
6592,195435252.92
6593,69931327.72
6594,67500488.27
6595,3709169.9
6596,144185023.42
6597,4862393.62
6598,13268550.72
6599,26359400.96
6600,9200005.42
6601,130526048.81
6602,581942391.69
6603,63333289.94
6604,18262362.73
6605,104280483.17
6606,3021787.0
6607,55200539.47
6608,8034984.02
6609,5833297.53
6610,11525457.54
6611,14045092.84
6612,798584361.56
6613,62106649.73
6614,252721324.76
6615,10716277.88
6616,115322521.48
6617,99282672.05
6618,63835585.91
6619,10694668.8
6620,12289027.82
6621,86160305.91
6622,128963279.24
6623,260354997.73
6624,158544672.92
6625,83777327.9
6626,11216894.06
6627,73290906.66
6628,4799280.08
6629,16221074.7
6630,9965223.33
6631,10614488.37
6632,12652208.21
6633,16420442.38
6634,11324128.72
6635,5863878.25
6636,149823489.77
6637,80107527.66
6638,9092441.07
6639,8910443.44
6640,9483000.65
6641,156443687.41
6642,192795926.87
6643,7213499.93
6644,4194715.18
6645,77172060.22
6646,35226957.08
6647,11840012.21
6648,69497526.95
6649,7687409.2
6650,27045759.02
6651,37878672.69
6652,5557862.52
6653,69885441.65
6654,162049549.71
6655,20307051.63
6656,16266518.35
6657,70299534.76
6658,6122256.14
6659,6447078.32
6660,13330180.4
6661,7953760.21
6662,32520834.74
6663,361902585.43
6664,7627195.17
6665,7452292.47
6666,15407264.37
6667,129573133.73
6668,31237358.44
6669,22348724.73
6670,5584444.73
6671,24116810.02
6672,15227010.44
6673,113222916.96
6674,470900811.94
6675,149256446.93
6676,13849116.79
6677,6244745.03
6678,12053965.6
6679,390555809.36
6680,44167734.64
6681,702904127.42
6682,47811485.58
6683,35673518.77
6684,5232817.46
6685,34541484.27
6686,3650386.11
6687,110982533.91
6688,31425934.9
6689,64474209.09
6690,273332109.01
6691,10644356.1
6692,641675258.63
6693,65145201.19
6694,69846175.49
6695,36390033.19
6696,99903055.9
6697,7219020.72
6698,7984481.75
6699,340278532.38
6700,234186221.75
6701,76577777.55
6702,33017599.66
6703,11528948.49
6704,9040307.86
6705,38613432.82
6706,36120592.16
6707,26701172.36
6708,13917055.53
6709,7641674.28
6710,89456733.43
6711,40921973.02
6712,95531082.05
6713,11294529.63
6714,5190083.44
6715,11348928.26
6716,57816272.6
6717,378116381.74
6718,13743453.98
6719,37317700.92
6720,4366566.53
6721,106551864.22
6722,9579086.07
6723,111848981.1
6724,18971805.17
6725,9571354.47
6726,113196392.16
6727,9219054.64
6728,10478554.42
6729,29564094.22
6730,35695288.05
6731,4009242.37
6732,12452737.32
6733,171670044.0
6734,15159057.17
6735,191842993.6
6736,11285013.61
6737,13984103.46
6738,12074865.78
6739,12256689.16
6740,7384719.08
6741,7266515.58
6742,26428398.67
6743,108684313.08
6744,26365898.91
6745,10389864.0
6746,50648880.13
6747,46335965.75
6748,1133888.01
6749,14144785.65
6750,8090045.12
6751,12447997.1
6752,207245287.24
6753,15627101.58
6754,76708286.33
6755,13828222.06
6756,205912527.91
6757,69053917.75
6758,13285220.41
6759,96922411.01
6760,22855011.63
6761,39927927.99
6762,7767541.47
6763,53265853.62
6764,13484626.83
6765,161531760.95
6766,4589455.95
6767,43846418.52
6768,211199237.85
6769,31105544.42
6770,55821336.25
6771,22243645.78
6772,17228902.9
6773,10207808.25
6774,401146427.56
6775,393866950.61
6776,4630046.95
6777,57729714.06
6778,56579488.89
6779,24680466.98
6780,81503756.65
6781,7439068.95
6782,88077663.3
6783,42129046.41
6784,4195138.14
6785,72128815.98
6786,3812982.9
6787,7821183.12
6788,9285628.48
6789,7220293.94
6790,14010030.52
6791,47362339.35
6792,330495749.85
6793,83398404.64
6794,33058768.58
6795,12878521.72
6796,649416799.61
6797,36842927.0
6798,64167926.46
6799,5676102.09
6800,208402694.81
6801,351662556.9
6802,11740723.6
6803,282062988.85
6804,4933460.22
6805,34096443.21
6806,12145357.99
6807,80943677.41
6808,10661269.63
6809,104688066.65
6810,4647230.32
6811,66367909.15
6812,15622025.94
6813,103847254.89
6814,24980468.76
6815,15113861.32
6816,4498632.58
6817,3728512.56
6818,3396623.36
6819,131612472.61
6820,79044286.59
6821,14669637.24
6822,28133632.24
6823,41082474.13
6824,298118795.79
6825,95703951.67
6826,12914187.07
6827,4544986.26
6828,4809300.72
6829,9581444.24
6830,6625689.55
6831,68110645.96
6832,50916159.41
6833,28716168.2
6834,10100206.21
6835,121743616.97
6836,29610250.55
6837,228591706.25
6838,10633620.87
6839,12567202.01
6840,46905518.02
6841,33313208.46
6842,20693699.7
6843,13255392.7
6844,254583986.51
6845,31730200.13
6846,51975736.15
6847,2263671.52
6848,21501018.53
6849,30391054.93
6850,89259045.64
6851,208120495.33
6852,19837264.92
6853,16531926.1
6854,32751513.51
6855,49554112.05
6856,4907599.02
6857,32117555.55
6858,6869707.76
6859,68178074.47
6860,18432159.93
6861,28089721.19
6862,64738784.44
6863,263448865.35
6864,32102847.42
6865,5989200.73
6866,97408066.07
6867,46531066.64
6868,1004239913.83
6869,47007508.99
6870,4194700.7
6871,77898577.03
6872,5242813.38
6873,52468096.96
6874,37002432.54
6875,17719597.46
6876,48084273.26
6877,20499597.73
6878,6891835.02
6879,12500754.58
6880,7969959.87
6881,8366869.59
6882,310188325.35
6883,51697482.43
6884,14419268.29
6885,22359725.2
6886,5231712.8
6887,47880928.3
6888,113004210.39
6889,4269205.4
6890,17985603.5
6891,56766265.89
6892,226373285.69
6893,191117973.67
6894,39648591.69
6895,17685705.0
6896,4714023.54
6897,8361164.88
6898,26133720.35
6899,14747397.32
6900,86471751.34
6901,51282277.38
6902,2615943.06
6903,32619713.65
6904,180787086.61
6905,30140345.19
6906,124404166.23
6907,32341697.65
6908,7789132.75
6909,5195602.97
6910,20090878.59
6911,11027299.65
6912,18031589.87
6913,456829330.63
6914,275742652.31
6915,39448732.63
6916,36111521.97
6917,881162613.68
6918,101213548.89
6919,8535193.71
6920,102511011.18
6921,209830038.21
6922,29357744.94
6923,10980824.55
6924,5403666.65
6925,38346599.63
6926,15915446.85
6927,7040215.13
6928,56996687.98
6929,153704325.23
6930,208027057.99
6931,17971148.71
6932,12319757.13
6933,11926442.61
6934,118951883.09
6935,6949534.38
6936,34977442.95
6937,177205489.53
6938,3260004.45
6939,20355666.97
6940,176977160.85
6941,102386654.26
6942,11741648.93
6943,9423932.08
6944,140148913.67
6945,10068117.69
6946,111221794.59
6947,10623600.22
6948,24514106.96
6949,86979283.99
6950,354701140.18
6951,4668669.27
6952,36547538.34
6953,31146300.58
6954,58273612.46
6955,49903669.43
6956,10310046.96
6957,23639565.46
6958,4242588.24
6959,7614479.69
6960,48370107.85
6961,57581742.85
6962,164669049.86
6963,17251159.44
6964,58728692.97
6965,13209633.49
6966,115607891.6
6967,100242451.65
6968,3813455.58
6969,5831015.4
6970,23098396.99
6971,129240188.09
6972,2196664.68
6973,37874108.23
6974,85638323.61
6975,9804018.01
6976,27545830.58
6977,10429549.19
6978,3281159.8
6979,129273826.28
6980,18862249.24
6981,9006954.91
6982,70859003.64
6983,7215825.19
6984,125320699.85
6985,356131477.45
6986,31221536.02
6987,5693870.44
6988,4605114.36
6989,22988797.05
6990,255695401.62
6991,15233528.75
6992,4932923.25
6993,5890786.81
6994,6364726.73
6995,33948477.54
6996,68213136.36
6997,5662071.59
6998,11424713.1
6999,108111669.2
7000,9527120.9
7001,11776788.62
7002,14719846.34
7003,25776323.34
7004,122063099.96
7005,4647839.21
7006,4752834.46
7007,9366078.27
7008,90737433.46
7009,15297419.88
7010,24308718.23
7011,4236410.2
7012,11959054.56
7013,11679368.58
7014,11118489.0
7015,152824189.27
7016,246864996.79
7017,23094182.37
7018,17911837.18
7019,113252934.11
7020,75088815.01
7021,40975724.91
7022,34688193.79
7023,43371062.04
7024,11754261.04
7025,13054999.42
7026,311088409.44
7027,58434414.6
7028,8203240.3
7029,53819799.62
7030,83042859.21
7031,114783490.14
7032,27286619.39
7033,6573606.64
7034,10116303.07
7035,29111651.37
7036,15995872.32
7037,19045998.58
7038,13794090.28
7039,69547933.39
7040,28887525.23
7041,33155501.5
7042,78651631.86
7043,23928500.19
7044,26277673.12
7045,36840928.29
7046,120534910.02
7047,271487960.85
7048,14400098.47
7049,102988290.85
7050,4143649.73
7051,11825729.76
7052,115636792.22
7053,17145104.22
7054,44134045.37
7055,174107621.77
7056,309890257.0
7057,10290670.21
7058,7007173.22
7059,39058817.16
7060,16948180.94
7061,16188662.87
7062,101812418.26
7063,4189101.0
7064,155076212.51
7065,37306529.25
7066,12644914.07
7067,4888203.84
7068,63779105.16
7069,15849805.66
7070,89155967.28
7071,166775776.69
7072,4167005.39
7073,21411904.94
7074,7436300.06
7075,49332067.0
7076,102631776.55
7077,17118239.68
7078,118997701.17
7079,11506659.89
7080,18288402.67
7081,22715704.82
7082,10553729.71
7083,12985768.63
7084,29602570.13
7085,16536292.34
7086,5236352.88
7087,203179340.82
7088,78973361.44
7089,3782506.81
7090,9773419.82
7091,14880553.68
7092,494901787.64
7093,57962601.39
7094,63633471.32
7095,9586697.67
7096,45876993.77
7097,89126626.21
7098,61367338.43
7099,62398569.42
7100,16478492.97
7101,61553927.49
7102,10231846.24
7103,11785284.51
7104,13949790.26
7105,76160070.47
7106,21583436.18
7107,91536435.73
7108,8334366.36
7109,38455411.82
7110,5022836.0
7111,16695852.4
7112,231699221.46
7113,108522970.43
7114,22311339.23
7115,13603528.27
7116,5335607.79
7117,4190777.9
7118,27538720.3
7119,25960268.8
7120,6185731.21
7121,12124838.1
7122,4257574.65
7123,5337327.7
7124,420534628.24
7125,132861132.15
7126,378665287.07
7127,61728529.64
7128,21311030.6
7129,10441092.77
7130,10811254.16
7131,13610019.65
7132,27968495.53
7133,121051939.91
7134,71729445.17
7135,197870806.22
7136,51031885.47
7137,44799780.95
7138,23644230.77
7139,3495393.25
7140,143446466.34
7141,5844321.25
7142,36449035.75
7143,69010207.67
7144,2467982.99
7145,63301359.22
7146,6123036.0
7147,37996110.51
7148,38579668.7
7149,9318207.18
7150,17459984.95
7151,14679394.21
7152,113574810.9
7153,12716360.9
7154,62646725.42
7155,320135770.23
7156,27703390.48
7157,94913273.07
7158,7591718.58
7159,4871030.41
7160,4108069.51
7161,81834338.16
7162,299565514.7
7163,26310418.41
7164,4908299.52
7165,181594420.66
7166,27397796.19
7167,6182382.58
7168,20060946.53
7169,10978741.01
7170,13118539.72
7171,16260247.57
7172,10380262.13
7173,13677200.56
7174,9802307.95
7175,4122828.72
7176,61626526.16
7177,226473676.21
7178,28196802.96
7179,116716621.81
7180,7988506.82
7181,13206983.27
7182,67520840.39
7183,7631636.98
7184,1134835850.85
7185,19196811.16
7186,43618382.05
7187,139567235.75
7188,56430686.33
7189,25788819.45
7190,9813926.94
7191,4849256.87
7192,58626695.0
7193,7029514.33
7194,290186125.11
7195,35086473.11
7196,29358071.35
7197,14448120.45
7198,11675775.79
7199,13758555.1
7200,148330111.85
7201,7508292.4
7202,24230504.69
7203,4169102.23
7204,89673224.66
7205,333596119.95
7206,122614612.8
7207,362118455.74
7208,60464740.34
7209,24495835.03
7210,2599136.75
7211,12697316.73
7212,32601373.53
7213,24272677.24
7214,266431381.37
7215,131935064.42
7216,137470543.78
7217,7008436.91
7218,52481122.05
7219,30766812.71
7220,93690158.04
7221,55231254.2
7222,225449838.53
7223,13366125.22
7224,8546896.51
7225,5559726.1
7226,99025036.41
7227,100298646.08
7228,80225842.87
7229,71294559.77
7230,1431638.3
7231,24018751.37
7232,317680189.1
7233,240507912.9
7234,285738623.95
7235,51213012.34
7236,146213623.65
7237,29310856.68
7238,10810085.55
7239,820505330.49
7240,96647532.82
7241,116958082.07
7242,24383073.02
7243,19482001.34
7244,43082650.33
7245,4961789.47
7246,10443965.49
7247,83761428.03
7248,100988529.57
7249,9956478.06
7250,4612878.84
7251,24373258.85
7252,34348836.4
7253,27234294.17
7254,94764895.93
7255,5190223.84
7256,5936342.52
7257,23684392.11
7258,32803036.68
7259,13791829.05
7260,4428564.3
7261,459988371.01
7262,4611908.41
7263,53468586.74
7264,13572283.59
7265,9044907.1
7266,62448822.08
7267,4425208.7
7268,2645093.42
7269,65906574.43
7270,185316426.59
7271,7613203.42
7272,13016138.99
7273,14223208.88
7274,16631862.71
7275,29483067.3
7276,11277539.94
7277,182981398.34
7278,373931417.0
7279,232297976.68
7280,135883068.22
7281,46908103.85
7282,45651933.88
7283,223850457.49
7284,3566355.64
7285,106648595.15
7286,187540057.35
7287,20476926.52
7288,10611887.27
7289,80878355.68
7290,17529047.56
7291,73911952.75
7292,10946494.74
7293,22803188.74
7294,17270739.06
7295,66830713.04
7296,4797046.76
7297,78182842.08
7298,7519565.87
7299,10839765.05
7300,10418302.44
7301,44367946.52
7302,7355382.68
7303,1314728.75
7304,22806003.62
7305,9839074.51
7306,433361594.71
7307,6213883.1
7308,6167885.89
7309,26843598.25
7310,9442831.32
7311,16889202.88
7312,150105268.96
7313,195392960.32
7314,21296454.58
7315,8475818.17
7316,7442713.11
7317,11262217.75
7318,242158243.12
7319,11264395.16
7320,384827799.72
7321,6402061.5
7322,20992208.89
7323,62817636.62
7324,12057293.18
7325,218260331.8
7326,235115821.02
7327,12524743.11
7328,101194302.78
7329,90143286.18
7330,219691648.32
7331,176715040.91
7332,60905238.99
7333,107688026.98
7334,7734812.67
7335,56398161.7
7336,116454415.63
7337,10986083.75
7338,120972138.95
7339,81674080.82
7340,14373415.04
7341,5002130.34
7342,123060806.42
7343,8405686.22
7344,8824992.79
7345,12813881.3
7346,6135118.55
7347,25716664.59
7348,12663931.1
7349,174722046.28
7350,37407251.06
7351,36674862.67
7352,3698911.82
7353,11602829.21
7354,3793746.02
7355,55255259.69
7356,69339911.48
7357,21188956.3
7358,18404838.07
7359,84688883.65
7360,34588741.6
7361,4784504.07
7362,163222265.48
7363,940250189.5
7364,6115466.66
7365,78623906.88
7366,62538176.64
7367,4450567.21
7368,8449805.14
7369,62820440.71
7370,84190540.59
7371,6192243.0
7372,116375752.23
7373,390816002.08
7374,31117193.73
7375,101941243.69
7376,6385310.9
7377,30760747.62
7378,106835558.02
7379,203421141.9
7380,18546908.02
7381,18211875.78
7382,20053532.46
7383,1577775.1
7384,38518912.85
7385,101050528.64
7386,46654265.18
7387,8540886.79
7388,2832622.44
7389,1443367.96
7390,4452632.12
7391,7190667.27
7392,26860399.86
7393,496828658.03
7394,220974843.87
7395,45577743.63
7396,85015739.81
7397,185585759.35
7398,9663682.41
